﻿<?xml version="1.0" encoding="utf-8"?>
<deployment>
  <id>a9a1b590-52e1-4854-9b4b-0f79a52373aa</id>
  <author>N/A</author>
  <deployer>OneDeploy</deployer>
  <authorEmail>N/A</authorEmail>
  <message>OneDeploy</message>
  <progress></progress>
  <status>Success</status>
  <statusText></statusText>
  <lastSuccessEndTime>2026-01-28T08:57:06.5800341Z</lastSuccessEndTime>
  <receivedTime>2026-01-28T08:56:58.2942657Z</receivedTime>
  <startTime>2026-01-28T08:56:59.6734809Z</startTime>
  <endTime>2026-01-28T08:57:06.5800341Z</endTime>
  <complete>True</complete>
  <is_temp>False</is_temp>
  <is_readonly>True</is_readonly>
  <buildSummary />
</deployment>