﻿<?xml version="1.0" encoding="utf-8"?>
<deployment>
  <id>a61359b6-2189-46f1-9b5c-3de75c8d517c</id>
  <author>N/A</author>
  <deployer>OneDeploy</deployer>
  <authorEmail>N/A</authorEmail>
  <message>OneDeploy</message>
  <progress></progress>
  <status>Success</status>
  <statusText></statusText>
  <lastSuccessEndTime>2026-01-28T12:04:33.2607294Z</lastSuccessEndTime>
  <receivedTime>2026-01-28T12:04:30.4703139Z</receivedTime>
  <startTime>2026-01-28T12:04:31.8404927Z</startTime>
  <endTime>2026-01-28T12:04:33.2607294Z</endTime>
  <complete>True</complete>
  <is_temp>False</is_temp>
  <is_readonly>True</is_readonly>
  <buildSummary />
</deployment>