﻿<?xml version="1.0" encoding="utf-8"?>
<deployment>
  <id>24b44260-8ece-4f17-b827-d7b0094a63de</id>
  <author>N/A</author>
  <deployer>Push-Deployer</deployer>
  <authorEmail>N/A</authorEmail>
  <message>Created via a push deployment</message>
  <progress></progress>
  <status>Success</status>
  <statusText></statusText>
  <lastSuccessEndTime>2026-01-28T12:03:41.0494731Z</lastSuccessEndTime>
  <receivedTime>2026-01-28T12:03:37.2314062Z</receivedTime>
  <startTime>2026-01-28T12:03:38.5942433Z</startTime>
  <endTime>2026-01-28T12:03:41.0494731Z</endTime>
  <complete>True</complete>
  <is_temp>False</is_temp>
  <is_readonly>True</is_readonly>
  <buildSummary />
</deployment>