<step title="Incoming Request" date="2026-01-27T15:11:03.859" instance="2d9a4a" url="/api/zipdeploy?isAsync=true" method="POST" type="request" pid="851,1,24" Accept="*/*" Host="birthday-bot-c5a0fydvcmebeqag.scm.canadacentral-01.azurewebsites.net" User-Agent="AZURECLI/2.82.0 (MSI)" Accept-Encoding="gzip, deflate" Authorization="Bea..." Cache-Control="no-cache" Content-Type="application/octet-stream" Content-Length="42830" x-ms-client-request-id="60af2893-fb92-11f0-9e4a-5cb47ebf6c0f" x-ms-artifact-checksum="288aa7cb5ffb9b3f7fe67a57b1c357a4dc9dd4142067e196023f562bd8b01f97" X-ARR-LOG-ID="60af2893-fb92-11f0-9e4a-5cb47ebf6c0f" CLIENT-IP="77.239.162.229:54563" X-SITE-DEPLOYMENT-ID="Birthday-Bot" WAS-DEFAULT-HOSTNAME="birthday-bot-c5a0fydvcmebeqag.scm.canadacentral-01.azurewebsites.net" X-Forwarded-Proto="https" X-AppService-Proto="https" X-Forwarded-TlsVersion="1.3" X-WAWS-Unencoded-URL="/api/zipdeploy?isAsync=true" X-Client-IP="77.239.162.229" X-Client-Port="54563" >
  <step title="Cleanup Xml Logs" date="2026-01-27T15:11:03.870" /><!-- duration: 16ms -->
  <step title="ZipPushDeploy" date="2026-01-27T15:11:03.910" >
    <step title="ZipDeploy. Extract zip." date="2026-01-27T15:11:03.922" /><!-- duration: 6ms -->
    <step title="Starting PushDeployAsync" date="2026-01-27T15:11:03.963" /><!-- duration: 5ms -->
    <step title="Writing artifact to /tmp/zipdeploy/1e9c0502-c18f-4df4-bf9e-2d2fe5e0670d.zip" date="2026-01-27T15:11:03.990" >
      <step title="Writing multipart request body to /tmp/zipdeploy/1e9c0502-c18f-4df4-bf9e-2d2fe5e0670d.zip" date="2026-01-27T15:11:03.997" /><!-- duration: 5ms -->
    </step><!-- duration: 32ms -->
    <step title="Start deployment in the background" date="2026-01-27T15:11:04.037" >
      <step title="Acquiring Deployment Lock" date="2026-01-27T15:11:04.065" /><!-- duration: 7ms -->
      <step title="Acquired Deployment Lock" date="2026-01-27T15:11:04.125" /><!-- duration: 6ms -->
    </step><!-- duration: 432ms -->
  </step><!-- duration: 569ms -->
  <step title="Outgoing response" date="2026-01-27T15:11:04.486" type="response" statusCode="202" statusText="Accepted" /><!-- duration: 6ms -->
</step><!-- duration: 639ms -->
