<step title="BackgroundTrace" date="2026-01-27T20:25:25.559" instance="cffa27" url="/api/publish" method="POST" >
  <step title="Creating temporary deployment - FetchDeploymentManager" date="2026-01-27T20:25:25.650" /><!-- duration: 7ms -->
  <step title="Creating temporary deployment" date="2026-01-27T20:25:25.666" /><!-- duration: 83ms -->
  <step title="Performing fetch based deployment" date="2026-01-27T20:25:25.799" >
    <step title="Cleaning up temp folders from previous zip deployments and extracting pushed zip file /tmp/zipdeploy/268e1791-a23f-45a2-aeb3-e01a86ccc76a.zip (14.62 MB) to /tmp/zipdeploy/extracted" date="2026-01-27T20:25:26.999" >
      <step title="ChmodRecursive Process exited with total time taken in ms: 198" date="2026-01-27T20:25:36.325" /><!-- duration: 10ms -->
    </step><!-- duration: 9341ms -->
    <step title="Deployment timer started" date="2026-01-27T20:25:38.351" >
      <step title="DeploymentManager.Deploy(id:259c5622-92ad-4f94-868b-b0efde0a3f9a)" date="2026-01-27T20:25:38.359" >
        <step title="Collecting changeset information" date="2026-01-27T20:25:38.376" /><!-- duration: 90ms -->
        <step title="Updating submodules" date="2026-01-27T20:25:38.483" /><!-- duration: 1166ms -->
        <step title="Determining deployment builder" date="2026-01-27T20:25:39.912" >
          <step title="Builder is OneDeployBuilder" date="2026-01-27T20:25:39.935" /><!-- duration: 5ms -->
        </step><!-- duration: 33ms -->
        <step title="PreDeployment: context.CleanOutputPath False" date="2026-01-27T20:25:39.996" >
          <step title="PreDeployment: context.OutputPath /home/site/wwwroot" date="2026-01-27T20:25:40.153" >
            <step title="Building" date="2026-01-27T20:25:40.301" >
              <step title="Executing external process" date="2026-01-27T20:25:41.134" type="process" path="starter.sh" arguments="/opt/Kudu/Scripts/absoluteTar.sh /tmp/zipdeploy/extracted/node_modules /tmp/zipdeploy/extracted/node_modules.tar.gz" /><!-- duration: 1447ms -->
              <step title="Executing external process" date="2026-01-27T20:25:42.897" type="process" path="starter.sh" arguments="/opt/Kudu/Scripts/parallel_rsync.sh /tmp/zipdeploy/extracted /home/site/wwwroot 8 /tmp/ False False node_modules " /><!-- duration: 2551ms -->
              <step title="Modified file to trigger a restart of the app container." date="2026-01-27T20:25:46.473" /><!-- duration: 10ms -->
              <step title="Skip function trigger and logicapp sync because function is not enabled." date="2026-01-27T20:25:46.492" /><!-- duration: 5ms -->
              <step title="Purge deployment items" date="2026-01-27T20:25:47.260" >
                <step title="Remove bb57190d-, Failed, received at 01/27/2026 15:11:08" date="2026-01-27T20:25:47.332" /><!-- duration: 7ms -->
              </step><!-- duration: 85ms -->
            </step><!-- duration: 7119ms -->
          </step><!-- duration: 7281ms -->
          <step title="Cleaning up temp files" date="2026-01-27T20:25:47.443" /><!-- duration: 8ms -->
          <step title="Cleaning up temp files" date="2026-01-27T20:25:47.458" /><!-- duration: 511ms -->
          <step title="Reloading status file with latest updates" date="2026-01-27T20:25:48.004" >
            <step title="WebHooksManager.PublishEventAsync: PostDeployment" date="2026-01-27T20:25:48.012" /><!-- duration: 65ms -->
          </step><!-- duration: 79ms -->
          <step title="Cleaning up temporary deployment - fetch deployment was successful" date="2026-01-27T20:25:48.093" /><!-- duration: 8ms -->
        </step><!-- duration: 8222ms -->
      </step><!-- duration: 9882ms -->
