<step title="Incoming Request" date="2026-01-28T10:20:37.694" instance="7b31da" url="/api/publish?async=true&amp;deployer=GITHUB_ONE_DEPLOY&amp;type=zip&amp;message=%7B%22type%22%3A%22deployment%22%2C%22sha%22%3A%22851c59a423e5940d6dd17e35a07cf164c29af4f2%22%2C%22repoName%22%3A%22Akz0rt%2FBirthday-Bot%22%2C%22actor%22%3A%22Akz0rt%22%2C%22slotName%22%3A%22Production%22%2C%22commitMessage%22%3A%22ci%3A%20trigger%20azure%20deploy%22%7D" method="POST" type="request" pid="851,1,21" Host="birthday-bot-c5a0fydvcmebeqag.scm.canadacentral-01.azurewebsites.net" User-Agent="GITHUBACTIONS_DeployWebAppToAzure_5a5765d1263f789009156e781ab8d44f4dd127fa521ea480dcd42c522fe8fe3a" Authorization="Bea..." Content-Type="application/octet-stream" Cookie="ARRAffinity=7b31da36165afb05d3d4a295c8014b8dbe46951629e150ee1e4042d96c4b6df6;Path=/;HttpOnly;Secure;Domain=birthday-bot-c5a0fydvcmebeqag.scm.canadacentral-01.azurewebsites.net; ARRAffinitySameSite=7b31da36165afb05d3d4a295c8014b8dbe46951629e150ee1e4042d96c4b6df6;Path=/;HttpOnly;SameSite=None;Secure;Domain=birthday-bot-c5a0fydvcmebeqag.scm.canadacentral-01.azurewebsites.net" Transfer-Encoding="chunked" X-ARR-LOG-ID="a54b4b87-0025-46bf-a59e-d2714a97d158" CLIENT-IP="20.81.183.86:35841" X-SITE-DEPLOYMENT-ID="Birthday-Bot" WAS-DEFAULT-HOSTNAME="birthday-bot-c5a0fydvcmebeqag.scm.canadacentral-01.azurewebsites.net" X-Forwarded-Proto="https" X-AppService-Proto="https" X-Forwarded-TlsVersion="1.3" X-WAWS-Unencoded-URL="/api/publish?async=true&amp;deployer=GITHUB_ONE_DEPLOY&amp;type=zip&amp;message=%7B%22type%22%3A%22deployment%22%2C%22sha%22%3A%22851c59a423e5940d6dd17e35a07cf164c29af4f2%22%2C%22repoName%22%3A%22Akz0rt%2FBirthday-Bot%22%2C%22actor%22%3A%22Akz0rt%22%2C%22slotName%22%3A%22Production%22%2C%22commitMessage%22%3A%22ci%3A%20trigger%20azure%20deploy%22%7D" X-Client-IP="20.81.183.86" X-Client-Port="35841" >
  <step title="Cleanup Xml Logs" date="2026-01-28T10:20:37.709" /><!-- duration: 28ms -->
  <step title="OneDeploy" date="2026-01-28T10:20:37.934" >
    <step title="Starting PushDeployAsync" date="2026-01-28T10:20:37.953" /><!-- duration: 5ms -->
    <step title="Writing artifact to /tmp/zipdeploy/0ba12b03-494f-475c-a249-dcf2b84ceadd.zip" date="2026-01-28T10:20:37.999" >
      <step title="Writing multipart request body to /tmp/zipdeploy/0ba12b03-494f-475c-a249-dcf2b84ceadd.zip" date="2026-01-28T10:20:38.004" /><!-- duration: 10ms -->
    </step><!-- duration: 284ms -->
    <step title="Start deployment in the background" date="2026-01-28T10:20:38.293" >
      <step title="Acquiring Deployment Lock" date="2026-01-28T10:20:38.308" /><!-- duration: 3ms -->
      <step title="Cannot Acquire Deployment Lock already held" date="2026-01-28T10:20:38.323" /><!-- duration: 3ms -->
    </step><!-- duration: 65ms -->
    <step title="There is a deployment currently in progress. Please try again when it completes." date="2026-01-28T10:20:38.363" /><!-- duration: 4ms -->
  </step><!-- duration: 435ms -->
  <step title="Outgoing response" date="2026-01-28T10:20:38.374" type="response" statusCode="409" statusText="Conflict" /><!-- duration: 3ms -->
</step><!-- duration: 689ms -->
