<step title="Incoming Request" date="2026-01-28T10:28:34.966" instance="7b31da" url="/api/zipdeploy?isAsync=true" method="POST" type="request" pid="768,1,7" Accept="*/*" Host="birthday-bot-c5a0fydvcmebeqag.scm.canadacentral-01.azurewebsites.net" User-Agent="AZURECLI/2.82.0 (DEB)" Accept-Encoding="gzip, deflate" Authorization="Bea..." Cache-Control="no-cache" Content-Type="application/octet-stream" Content-Length="20563017" x-ms-client-request-id="17a1d3d2-fc34-11f0-a095-7c1e52ccce68" x-ms-artifact-checksum="24f5f97077c2dd536dfd2dea795f6864d55f33173dc6c3a42c7432bb96ff1251" X-ARR-LOG-ID="17a1d3d2-fc34-11f0-a095-7c1e52ccce68" CLIENT-IP="68.154.54.34:17600" X-SITE-DEPLOYMENT-ID="Birthday-Bot" WAS-DEFAULT-HOSTNAME="birthday-bot-c5a0fydvcmebeqag.scm.canadacentral-01.azurewebsites.net" X-Forwarded-Proto="https" X-AppService-Proto="https" X-Forwarded-TlsVersion="1.3" X-WAWS-Unencoded-URL="/api/zipdeploy?isAsync=true" X-Client-IP="68.154.54.34" X-Client-Port="17600" >
  <step title="ZipPushDeploy" date="2026-01-28T10:28:35.140" >
    <step title="ZipDeploy. Extract zip." date="2026-01-28T10:28:35.148" /><!-- duration: 4ms -->
    <step title="None repository commit" date="2026-01-28T10:28:35.158" >
      <step title="Commit id: 1d56e8ce-b34d-4918-9e76-d6ec713859bf" date="2026-01-28T10:28:35.162" Message="N/A" AuthorName="N/A" AuthorEmail="N/A" /><!-- duration: 4ms -->
    </step><!-- duration: 11ms -->
    <step title="Starting PushDeployAsync" date="2026-01-28T10:28:35.174" /><!-- duration: 4ms -->
    <step title="Writing artifact to /tmp/zipdeploy/927cef74-f493-43ec-9677-e7fd60a1a4ef.zip" date="2026-01-28T10:28:35.191" >
      <step title="Writing multipart request body to /tmp/zipdeploy/927cef74-f493-43ec-9677-e7fd60a1a4ef.zip" date="2026-01-28T10:28:35.198" /><!-- duration: 4ms -->
    </step><!-- duration: 240ms -->
    <step title="Removing previous build artifact&apos;s manifest file" date="2026-01-28T10:28:35.437" >
      <step title="Start deployment in the background" date="2026-01-28T10:28:35.521" >
        <step title="Acquiring Deployment Lock" date="2026-01-28T10:28:35.551" /><!-- duration: 4ms -->
        <step title="Acquired Deployment Lock" date="2026-01-28T10:28:35.597" /><!-- duration: 3ms -->
      </step><!-- duration: 252ms -->
    </step><!-- duration: 343ms -->
    <step title="Outgoing response" date="2026-01-28T10:28:35.789" type="response" statusCode="202" statusText="Accepted" /><!-- duration: 4ms -->
  </step><!-- duration: 656ms -->
