<step title="BackgroundTrace" date="2026-01-28T09:33:50.174" instance="7b31da" url="/api/publish" method="POST" >
  <step title="Creating temporary deployment - FetchDeploymentManager" date="2026-01-28T09:33:50.241" /><!-- duration: 3ms -->
  <step title="Creating temporary deployment" date="2026-01-28T09:33:50.249" /><!-- duration: 47ms -->
  <step title="Performing fetch based deployment" date="2026-01-28T09:33:50.342" >
    <step title="Cleaning up temp folders from previous zip deployments and extracting pushed zip file /tmp/zipdeploy/5767b9e5-26a8-4361-b0d3-1fbbeca49fd6.zip (19.28 MB) to /tmp/zipdeploy/extracted" date="2026-01-28T09:33:51.497" >
      <step title="ChmodRecursive Process exited with total time taken in ms: 319" date="2026-01-28T09:34:07.831" /><!-- duration: 7ms -->
    </step><!-- duration: 16345ms -->
    <step title="Deployment timer started" date="2026-01-28T09:34:09.857" >
      <step title="DeploymentManager.Deploy(id:83fba4d6-5fbf-4bd6-a0cc-952cb2f12247)" date="2026-01-28T09:34:09.863" >
        <step title="Collecting changeset information" date="2026-01-28T09:34:09.879" /><!-- duration: 87ms -->
        <step title="Updating submodules" date="2026-01-28T09:34:09.973" /><!-- duration: 1168ms -->
        <step title="Determining deployment builder" date="2026-01-28T09:34:11.376" >
          <step title="Builder is OneDeployBuilder" date="2026-01-28T09:34:11.386" /><!-- duration: 19ms -->
        </step><!-- duration: 34ms -->
        <step title="PreDeployment: context.CleanOutputPath False" date="2026-01-28T09:34:11.453" >
          <step title="PreDeployment: context.OutputPath /home/site/wwwroot" date="2026-01-28T09:34:11.581" >
            <step title="Building" date="2026-01-28T09:34:11.728" >
              <step title="Executing external process" date="2026-01-28T09:34:12.405" type="process" path="starter.sh" arguments="/opt/Kudu/Scripts/absoluteTar.sh /tmp/zipdeploy/extracted/node_modules /tmp/zipdeploy/extracted/node_modules.tar.gz" /><!-- duration: 2493ms -->
              <step title="Executing external process" date="2026-01-28T09:34:15.150" type="process" path="starter.sh" arguments="/opt/Kudu/Scripts/parallel_rsync.sh /tmp/zipdeploy/extracted /home/site/wwwroot 8 /tmp/ False False node_modules " /><!-- duration: 7042ms -->
              <step title="Modified file to trigger a restart of the app container." date="2026-01-28T09:34:23.025" /><!-- duration: 6ms -->
              <step title="Skip function trigger and logicapp sync because function is not enabled." date="2026-01-28T09:34:23.036" /><!-- duration: 4ms -->
              <step title="Purge deployment items" date="2026-01-28T09:34:23.833" >
                <step title="Remove 9f8b47c7-, Failed, received at 01/28/2026 09:14:56" date="2026-01-28T09:34:23.896" /><!-- duration: 3ms -->
              </step><!-- duration: 70ms -->
            </step><!-- duration: 12245ms -->
          </step><!-- duration: 12410ms -->
          <step title="Cleaning up temp files" date="2026-01-28T09:34:23.996" /><!-- duration: 4ms -->
          <step title="Cleaning up temp files" date="2026-01-28T09:34:24.004" /><!-- duration: 508ms -->
          <step title="Reloading status file with latest updates" date="2026-01-28T09:34:24.563" >
            <step title="WebHooksManager.PublishEventAsync: PostDeployment" date="2026-01-28T09:34:24.569" /><!-- duration: 32ms -->
          </step><!-- duration: 42ms -->
          <step title="Cleaning up temporary deployment - fetch deployment was successful" date="2026-01-28T09:34:24.613" /><!-- duration: 4ms -->
        </step><!-- duration: 13231ms -->
      </step><!-- duration: 14840ms -->
