<step title="Incoming Request" date="2026-01-28T11:36:48.853" instance="7b31da" url="/api/deployments/latest?deployer=OneDeploy&amp;time=2026-01-28_11-21-22Z" method="GET" type="request" pid="771,1,20" Host="birthday-bot-c5a0fydvcmebeqag.scm.canadacentral-01.azurewebsites.net" User-Agent="GITHUBACTIONS_DeployWebAppToAzure_5a5765d1263f789009156e781ab8d44f4dd127fa521ea480dcd42c522fe8fe3a" Authorization="Bea..." Content-Type="application/json; charset=utf-8" Cookie="ARRAffinity=7b31da36165afb05d3d4a295c8014b8dbe46951629e150ee1e4042d96c4b6df6;Path=/;HttpOnly;Secure;Domain=birthday-bot-c5a0fydvcmebeqag.scm.canadacentral-01.azurewebsites.net; ARRAffinitySameSite=7b31da36165afb05d3d4a295c8014b8dbe46951629e150ee1e4042d96c4b6df6;Path=/;HttpOnly;SameSite=None;Secure;Domain=birthday-bot-c5a0fydvcmebeqag.scm.canadacentral-01.azurewebsites.net" Content-Length="0" X-ARR-LOG-ID="62a13d77-e0cf-49fe-b4f3-838dcdafe561" CLIENT-IP="48.214.53.118:58434" X-SITE-DEPLOYMENT-ID="Birthday-Bot" WAS-DEFAULT-HOSTNAME="birthday-bot-c5a0fydvcmebeqag.scm.canadacentral-01.azurewebsites.net" X-Forwarded-Proto="https" X-AppService-Proto="https" X-Forwarded-TlsVersion="1.3" X-WAWS-Unencoded-URL="/api/deployments/latest?deployer=OneDeploy&amp;time=2026-01-28_11-21-22Z" X-Client-IP="48.214.53.118" X-Client-Port="58434" >
  <step title="Cleanup Xml Logs" date="2026-01-28T11:36:48.856" >
    <step title="Cleanup Infos" date="2026-01-28T11:36:48.868" totalFiles="441" totalCleanup="281" /><!-- duration: 5ms -->
  </step><!-- duration: 20ms -->
  <step title="DeploymentService.GetResult" date="2026-01-28T11:36:48.883" >
    <step title="DeploymentService.GetLatestDeployment" date="2026-01-28T11:36:48.888" >
      <step title="DeploymentManager.GetResults" date="2026-01-28T11:36:48.891" /><!-- duration: 681ms -->
    </step><!-- duration: 688ms -->
  </step><!-- duration: 696ms -->
  <step title="Outgoing response" date="2026-01-28T11:36:49.583" type="response" statusCode="202" statusText="Accepted" /><!-- duration: 4ms -->
</step><!-- duration: 737ms -->
