<step title="Incoming Request" date="2026-01-28T11:02:43.638" instance="7b31da" url="/api/publish?async=true&amp;deployer=GITHUB_ONE_DEPLOY&amp;type=zip&amp;message=%7B%22type%22%3A%22deployment%22%2C%22sha%22%3A%22c98fc2769cb4c82a9f08209bf9d561dec91e61a7%22%2C%22repoName%22%3A%22Akz0rt%2FBirthday-Bot%22%2C%22actor%22%3A%22Akz0rt%22%2C%22slotName%22%3A%22Production%22%2C%22commitMessage%22%3A%22fix%3A%20add%20crypto%20polyfill%20for%20Azure%20App%20Service%22%7D" method="POST" type="request" pid="768,1,17" Host="birthday-bot-c5a0fydvcmebeqag.scm.canadacentral-01.azurewebsites.net" User-Agent="GITHUBACTIONS_DeployWebAppToAzure_5a5765d1263f789009156e781ab8d44f4dd127fa521ea480dcd42c522fe8fe3a" Authorization="Bea..." Content-Type="application/octet-stream" Cookie="ARRAffinity=7b31da36165afb05d3d4a295c8014b8dbe46951629e150ee1e4042d96c4b6df6;Path=/;HttpOnly;Secure;Domain=birthday-bot-c5a0fydvcmebeqag.scm.canadacentral-01.azurewebsites.net; ARRAffinitySameSite=7b31da36165afb05d3d4a295c8014b8dbe46951629e150ee1e4042d96c4b6df6;Path=/;HttpOnly;SameSite=None;Secure;Domain=birthday-bot-c5a0fydvcmebeqag.scm.canadacentral-01.azurewebsites.net" Transfer-Encoding="chunked" X-ARR-LOG-ID="f8ded7b7-30b0-40da-88a8-631416da44fa" CLIENT-IP="20.169.73.145:10266" X-SITE-DEPLOYMENT-ID="Birthday-Bot" WAS-DEFAULT-HOSTNAME="birthday-bot-c5a0fydvcmebeqag.scm.canadacentral-01.azurewebsites.net" X-Forwarded-Proto="https" X-AppService-Proto="https" X-Forwarded-TlsVersion="1.3" X-WAWS-Unencoded-URL="/api/publish?async=true&amp;deployer=GITHUB_ONE_DEPLOY&amp;type=zip&amp;message=%7B%22type%22%3A%22deployment%22%2C%22sha%22%3A%22c98fc2769cb4c82a9f08209bf9d561dec91e61a7%22%2C%22repoName%22%3A%22Akz0rt%2FBirthday-Bot%22%2C%22actor%22%3A%22Akz0rt%22%2C%22slotName%22%3A%22Production%22%2C%22commitMessage%22%3A%22fix%3A%20add%20crypto%20polyfill%20for%20Azure%20App%20Service%22%7D" X-Client-IP="20.169.73.145" X-Client-Port="10266" >
  <step title="OneDeploy" date="2026-01-28T11:02:43.768" >
    <step title="Starting PushDeployAsync" date="2026-01-28T11:02:43.817" /><!-- duration: 11ms -->
    <step title="WEBSITE_RUN_FROM_PACKAGE is set to 1. Writing zip to SitePackagesPath" date="2026-01-28T11:02:43.837" /><!-- duration: 8ms -->
    <step title="Copying zip to SitePackages /home/data/SitePackages/20260128110243.zip from request body" date="2026-01-28T11:02:43.878" /><!-- duration: 16ms -->
    <step title="Writing multipart request body to /home/data/SitePackages/20260128110243.zip" date="2026-01-28T11:02:43.900" /><!-- duration: 9ms -->
    <step title="Deleting outdated zip file /home/data/SitePackages/20260128103905.zip" date="2026-01-28T11:02:44.470" /><!-- duration: 29ms -->
    <step title="Start deployment in the background" date="2026-01-28T11:02:44.576" >
      <step title="Acquiring Deployment Lock" date="2026-01-28T11:02:44.667" /><!-- duration: 37ms -->
      <step title="Cannot Acquire Deployment Lock already held" date="2026-01-28T11:02:44.734" /><!-- duration: 16ms -->
    </step><!-- duration: 422ms -->
    <step title="There is a deployment currently in progress. Please try again when it completes." date="2026-01-28T11:02:45.039" /><!-- duration: 23ms -->
  </step><!-- duration: 1337ms -->
  <step title="Outgoing response" date="2026-01-28T11:02:45.114" type="response" statusCode="409" statusText="Conflict" /><!-- duration: 8ms -->
</step><!-- duration: 1511ms -->
