<step title="Incoming Request" date="2026-01-28T10:29:19.080" instance="7b31da" url="/api/publish?async=true&amp;deployer=GITHUB_ONE_DEPLOY&amp;type=zip&amp;message=%7B%22type%22%3A%22deployment%22%2C%22sha%22%3A%225e1862a8341ddbbd9d14ae8d485e2515ef8938bf%22%2C%22repoName%22%3A%22Akz0rt%2FBirthday-Bot%22%2C%22actor%22%3A%22Akz0rt%22%2C%22slotName%22%3A%22Production%22%2C%22commitMessage%22%3A%22ci%3A%20retry%20azure%20deploy%20(disable%20kudu)%22%7D" method="POST" type="request" pid="768,1,20" Host="birthday-bot-c5a0fydvcmebeqag.scm.canadacentral-01.azurewebsites.net" User-Agent="GITHUBACTIONS_DeployWebAppToAzure_5a5765d1263f789009156e781ab8d44f4dd127fa521ea480dcd42c522fe8fe3a" Authorization="Bea..." Content-Type="application/octet-stream" Cookie="ARRAffinity=7b31da36165afb05d3d4a295c8014b8dbe46951629e150ee1e4042d96c4b6df6;Path=/;HttpOnly;Secure;Domain=birthday-bot-c5a0fydvcmebeqag.scm.canadacentral-01.azurewebsites.net; ARRAffinitySameSite=7b31da36165afb05d3d4a295c8014b8dbe46951629e150ee1e4042d96c4b6df6;Path=/;HttpOnly;SameSite=None;Secure;Domain=birthday-bot-c5a0fydvcmebeqag.scm.canadacentral-01.azurewebsites.net" Transfer-Encoding="chunked" X-ARR-LOG-ID="1f683d01-2721-4a66-8122-4f0673a657c7" CLIENT-IP="40.65.61.36:43968" X-SITE-DEPLOYMENT-ID="Birthday-Bot" WAS-DEFAULT-HOSTNAME="birthday-bot-c5a0fydvcmebeqag.scm.canadacentral-01.azurewebsites.net" X-Forwarded-Proto="https" X-AppService-Proto="https" X-Forwarded-TlsVersion="1.3" X-WAWS-Unencoded-URL="/api/publish?async=true&amp;deployer=GITHUB_ONE_DEPLOY&amp;type=zip&amp;message=%7B%22type%22%3A%22deployment%22%2C%22sha%22%3A%225e1862a8341ddbbd9d14ae8d485e2515ef8938bf%22%2C%22repoName%22%3A%22Akz0rt%2FBirthday-Bot%22%2C%22actor%22%3A%22Akz0rt%22%2C%22slotName%22%3A%22Production%22%2C%22commitMessage%22%3A%22ci%3A%20retry%20azure%20deploy%20(disable%20kudu)%22%7D" X-Client-IP="40.65.61.36" X-Client-Port="43968" >
  <step title="OneDeploy" date="2026-01-28T10:29:19.114" >
    <step title="Starting PushDeployAsync" date="2026-01-28T10:29:19.130" /><!-- duration: 18ms -->
    <step title="Writing artifact to /tmp/zipdeploy/27b6dd17-a22c-4249-be9a-360436035bbf.zip" date="2026-01-28T10:29:19.172" >
      <step title="Writing multipart request body to /tmp/zipdeploy/27b6dd17-a22c-4249-be9a-360436035bbf.zip" date="2026-01-28T10:29:19.181" /><!-- duration: 4ms -->
    </step><!-- duration: 649ms -->
    <step title="Start deployment in the background" date="2026-01-28T10:29:19.848" >
      <step title="Acquiring Deployment Lock" date="2026-01-28T10:29:19.929" /><!-- duration: 6ms -->
      <step title="Cannot Acquire Deployment Lock already held" date="2026-01-28T10:29:19.977" /><!-- duration: 23ms -->
    </step><!-- duration: 260ms -->
    <step title="There is a deployment currently in progress. Please try again when it completes." date="2026-01-28T10:29:20.119" /><!-- duration: 18ms -->
  </step><!-- duration: 1032ms -->
  <step title="Outgoing response" date="2026-01-28T10:29:20.158" type="response" statusCode="409" statusText="Conflict" /><!-- duration: 16ms -->
</step><!-- duration: 1112ms -->
