<step title="Incoming Request" date="2026-01-28T09:33:49.255" instance="7b31da" url="/api/publish?async=true&amp;deployer=GITHUB_ONE_DEPLOY&amp;type=zip&amp;message=%7B%22type%22%3A%22deployment%22%2C%22sha%22%3A%223180c8b5aafe4a3939a3ba72b4be8fc5a05254c0%22%2C%22repoName%22%3A%22Akz0rt%2FBirthday-Bot%22%2C%22actor%22%3A%22Akz0rt%22%2C%22slotName%22%3A%22Production%22%2C%22commitMessage%22%3A%22Trigger%20CI%2FCD%22%7D" method="POST" type="request" pid="851,1,14" Host="birthday-bot-c5a0fydvcmebeqag.scm.canadacentral-01.azurewebsites.net" User-Agent="GITHUBACTIONS_DeployWebAppToAzure_5a5765d1263f789009156e781ab8d44f4dd127fa521ea480dcd42c522fe8fe3a" Authorization="Bea..." Content-Type="application/octet-stream" Cookie="ARRAffinity=7b31da36165afb05d3d4a295c8014b8dbe46951629e150ee1e4042d96c4b6df6;Path=/;HttpOnly;Secure;Domain=birthday-bot-c5a0fydvcmebeqag.scm.canadacentral-01.azurewebsites.net; ARRAffinitySameSite=7b31da36165afb05d3d4a295c8014b8dbe46951629e150ee1e4042d96c4b6df6;Path=/;HttpOnly;SameSite=None;Secure;Domain=birthday-bot-c5a0fydvcmebeqag.scm.canadacentral-01.azurewebsites.net" Transfer-Encoding="chunked" X-ARR-LOG-ID="cb3a6e92-80ca-4e35-adb3-5f4cc1e6f6a6" CLIENT-IP="20.55.87.146:43033" X-SITE-DEPLOYMENT-ID="Birthday-Bot" WAS-DEFAULT-HOSTNAME="birthday-bot-c5a0fydvcmebeqag.scm.canadacentral-01.azurewebsites.net" X-Forwarded-Proto="https" X-AppService-Proto="https" X-Forwarded-TlsVersion="1.3" X-WAWS-Unencoded-URL="/api/publish?async=true&amp;deployer=GITHUB_ONE_DEPLOY&amp;type=zip&amp;message=%7B%22type%22%3A%22deployment%22%2C%22sha%22%3A%223180c8b5aafe4a3939a3ba72b4be8fc5a05254c0%22%2C%22repoName%22%3A%22Akz0rt%2FBirthday-Bot%22%2C%22actor%22%3A%22Akz0rt%22%2C%22slotName%22%3A%22Production%22%2C%22commitMessage%22%3A%22Trigger%20CI%2FCD%22%7D" X-Client-IP="20.55.87.146" X-Client-Port="43033" >
  <step title="Cleanup Xml Logs" date="2026-01-28T09:33:49.260" /><!-- duration: 8ms -->
  <step title="OneDeploy" date="2026-01-28T09:33:49.319" >
    <step title="Starting PushDeployAsync" date="2026-01-28T09:33:49.329" /><!-- duration: 3ms -->
    <step title="Writing artifact to /tmp/zipdeploy/5767b9e5-26a8-4361-b0d3-1fbbeca49fd6.zip" date="2026-01-28T09:33:49.453" >
      <step title="Writing multipart request body to /tmp/zipdeploy/5767b9e5-26a8-4361-b0d3-1fbbeca49fd6.zip" date="2026-01-28T09:33:49.469" /><!-- duration: 9ms -->
    </step><!-- duration: 707ms -->
    <step title="Start deployment in the background" date="2026-01-28T09:33:50.170" >
      <step title="Acquiring Deployment Lock" date="2026-01-28T09:33:50.179" /><!-- duration: 4ms -->
      <step title="Acquired Deployment Lock" date="2026-01-28T09:33:50.231" /><!-- duration: 4ms -->
    </step><!-- duration: 132ms -->
  </step><!-- duration: 989ms -->
  <step title="Outgoing response" date="2026-01-28T09:33:50.312" type="response" statusCode="202" statusText="Accepted" /><!-- duration: 14ms -->
</step><!-- duration: 1074ms -->
