<step title="Incoming Request" date="2026-01-28T10:00:34.038" instance="7b31da" url="/api/publish?async=true&amp;deployer=GITHUB_ONE_DEPLOY&amp;type=zip&amp;message=%7B%22type%22%3A%22deployment%22%2C%22sha%22%3A%2243e7f4325beb9f6e285bf7bb7fa01ddd07e79802%22%2C%22repoName%22%3A%22Akz0rt%2FBirthday-Bot%22%2C%22actor%22%3A%22Akz0rt%22%2C%22slotName%22%3A%22Production%22%2C%22commitMessage%22%3A%22ci%3A%20retry%20azure%20deploy%20with%20new%20publish%20profile%22%7D" method="POST" type="request" pid="851,1,14" Host="birthday-bot-c5a0fydvcmebeqag.scm.canadacentral-01.azurewebsites.net" User-Agent="GITHUBACTIONS_DeployWebAppToAzure_5a5765d1263f789009156e781ab8d44f4dd127fa521ea480dcd42c522fe8fe3a" Authorization="Bea..." Content-Type="application/octet-stream" Cookie="ARRAffinity=7b31da36165afb05d3d4a295c8014b8dbe46951629e150ee1e4042d96c4b6df6;Path=/;HttpOnly;Secure;Domain=birthday-bot-c5a0fydvcmebeqag.scm.canadacentral-01.azurewebsites.net; ARRAffinitySameSite=7b31da36165afb05d3d4a295c8014b8dbe46951629e150ee1e4042d96c4b6df6;Path=/;HttpOnly;SameSite=None;Secure;Domain=birthday-bot-c5a0fydvcmebeqag.scm.canadacentral-01.azurewebsites.net" Transfer-Encoding="chunked" X-ARR-LOG-ID="1254baa4-63b0-4141-8c2c-b144ec53b32b" CLIENT-IP="64.236.201.38:50209" X-SITE-DEPLOYMENT-ID="Birthday-Bot" WAS-DEFAULT-HOSTNAME="birthday-bot-c5a0fydvcmebeqag.scm.canadacentral-01.azurewebsites.net" X-Forwarded-Proto="https" X-AppService-Proto="https" X-Forwarded-TlsVersion="1.3" X-WAWS-Unencoded-URL="/api/publish?async=true&amp;deployer=GITHUB_ONE_DEPLOY&amp;type=zip&amp;message=%7B%22type%22%3A%22deployment%22%2C%22sha%22%3A%2243e7f4325beb9f6e285bf7bb7fa01ddd07e79802%22%2C%22repoName%22%3A%22Akz0rt%2FBirthday-Bot%22%2C%22actor%22%3A%22Akz0rt%22%2C%22slotName%22%3A%22Production%22%2C%22commitMessage%22%3A%22ci%3A%20retry%20azure%20deploy%20with%20new%20publish%20profile%22%7D" X-Client-IP="64.236.201.38" X-Client-Port="50209" >
  <step title="Cleanup Xml Logs" date="2026-01-28T10:00:34.049" /><!-- duration: 11ms -->
  <step title="OneDeploy" date="2026-01-28T10:00:34.084" >
    <step title="Starting PushDeployAsync" date="2026-01-28T10:00:34.096" /><!-- duration: 4ms -->
    <step title="Writing artifact to /tmp/zipdeploy/27fd81fe-9904-4cd1-8c52-072ee86ecff4.zip" date="2026-01-28T10:00:34.111" >
      <step title="Writing multipart request body to /tmp/zipdeploy/27fd81fe-9904-4cd1-8c52-072ee86ecff4.zip" date="2026-01-28T10:00:34.115" /><!-- duration: 5ms -->
    </step><!-- duration: 152ms -->
    <step title="Start deployment in the background" date="2026-01-28T10:00:34.274" >
      <step title="Acquiring Deployment Lock" date="2026-01-28T10:00:34.285" /><!-- duration: 3ms -->
      <step title="Acquired Deployment Lock" date="2026-01-28T10:00:34.316" /><!-- duration: 5ms -->
    </step><!-- duration: 125ms -->
  </step><!-- duration: 322ms -->
  <step title="Outgoing response" date="2026-01-28T10:00:34.419" type="response" statusCode="202" statusText="Accepted" /><!-- duration: 4ms -->
</step><!-- duration: 390ms -->
