<step title="Incoming Request" date="2026-01-28T11:40:26.073" instance="7b31da" url="/api/zipdeploy?isAsync=true" method="POST" type="request" pid="771,1,20" Accept="*/*" Host="birthday-bot-c5a0fydvcmebeqag.scm.canadacentral-01.azurewebsites.net" User-Agent="AZURECLI/2.82.0 (DEB)" Accept-Encoding="gzip, deflate" Authorization="Bea..." Cache-Control="no-cache" Content-Type="application/octet-stream" Content-Length="38925" x-ms-client-request-id="2143ec4a-fc3e-11f0-a095-7ced8d83534e" x-ms-artifact-checksum="b01f5a6b3ef3d7bb1777b31a16e7965a04b7081027fb3bd636182d2f4820e655" X-ARR-LOG-ID="2143ec4a-fc3e-11f0-a095-7ced8d83534e" CLIENT-IP="128.24.161.37:20504" X-SITE-DEPLOYMENT-ID="Birthday-Bot" WAS-DEFAULT-HOSTNAME="birthday-bot-c5a0fydvcmebeqag.scm.canadacentral-01.azurewebsites.net" X-Forwarded-Proto="https" X-AppService-Proto="https" X-Forwarded-TlsVersion="1.3" X-WAWS-Unencoded-URL="/api/zipdeploy?isAsync=true" X-Client-IP="128.24.161.37" X-Client-Port="20504" >
  <step title="Cleanup Xml Logs" date="2026-01-28T11:40:26.076" >
    <step title="Cleanup Infos" date="2026-01-28T11:40:26.092" totalFiles="462" totalCleanup="302" /><!-- duration: 5ms -->
  </step><!-- duration: 24ms -->
  <step title="ZipPushDeploy" date="2026-01-28T11:40:26.134" >
    <step title="ZipDeploy. Run from package." date="2026-01-28T11:40:26.140" /><!-- duration: 3ms -->
    <step title="Starting PushDeployAsync" date="2026-01-28T11:40:26.150" /><!-- duration: 4ms -->
    <step title="WEBSITE_RUN_FROM_PACKAGE is set to 1. Writing zip to SitePackagesPath" date="2026-01-28T11:40:26.159" /><!-- duration: 3ms -->
    <step title="Copying zip to SitePackages /home/data/SitePackages/20260128114026.zip from request body" date="2026-01-28T11:40:26.166" /><!-- duration: 8ms -->
    <step title="Writing multipart request body to /home/data/SitePackages/20260128114026.zip" date="2026-01-28T11:40:26.177" /><!-- duration: 4ms -->
    <step title="Deleting outdated zip file /home/data/SitePackages/20260128110243.zip" date="2026-01-28T11:40:26.234" /><!-- duration: 6ms -->
    <step title="Start deployment in the background" date="2026-01-28T11:40:26.248" >
      <step title="Acquiring Deployment Lock" date="2026-01-28T11:40:26.257" /><!-- duration: 4ms -->
      <step title="Acquired Deployment Lock" date="2026-01-28T11:40:26.289" /><!-- duration: 3ms -->
    </step><!-- duration: 115ms -->
  </step><!-- duration: 232ms -->
  <step title="Outgoing response" date="2026-01-28T11:40:26.370" type="response" statusCode="202" statusText="Accepted" /><!-- duration: 3ms -->
</step><!-- duration: 303ms -->
