<step title="Incoming Request" date="2026-01-28T10:07:25.502" instance="7b31da" url="/api/publish?async=true&amp;deployer=GITHUB_ONE_DEPLOY&amp;type=zip&amp;message=%7B%22type%22%3A%22deployment%22%2C%22sha%22%3A%22bda5dff8e1aacf1ef2d3121b22253c3fd7c6ec40%22%2C%22repoName%22%3A%22Akz0rt%2FBirthday-Bot%22%2C%22actor%22%3A%22Akz0rt%22%2C%22slotName%22%3A%22Production%22%2C%22commitMessage%22%3A%22ci%3A%20retry%20azure%20deploy%20with%20SPN%22%7D" method="POST" type="request" pid="851,1,46" Host="birthday-bot-c5a0fydvcmebeqag.scm.canadacentral-01.azurewebsites.net" User-Agent="GITHUBACTIONS_DeployWebAppToAzure_5a5765d1263f789009156e781ab8d44f4dd127fa521ea480dcd42c522fe8fe3a" Authorization="Bea..." Content-Type="application/octet-stream" Cookie="ARRAffinity=7b31da36165afb05d3d4a295c8014b8dbe46951629e150ee1e4042d96c4b6df6;Path=/;HttpOnly;Secure;Domain=birthday-bot-c5a0fydvcmebeqag.scm.canadacentral-01.azurewebsites.net; ARRAffinitySameSite=7b31da36165afb05d3d4a295c8014b8dbe46951629e150ee1e4042d96c4b6df6;Path=/;HttpOnly;SameSite=None;Secure;Domain=birthday-bot-c5a0fydvcmebeqag.scm.canadacentral-01.azurewebsites.net" Transfer-Encoding="chunked" X-ARR-LOG-ID="dfb38931-1e69-472d-8412-7ac053cae1c9" CLIENT-IP="135.232.200.194:3073" X-SITE-DEPLOYMENT-ID="Birthday-Bot" WAS-DEFAULT-HOSTNAME="birthday-bot-c5a0fydvcmebeqag.scm.canadacentral-01.azurewebsites.net" X-Forwarded-Proto="https" X-AppService-Proto="https" X-Forwarded-TlsVersion="1.3" X-WAWS-Unencoded-URL="/api/publish?async=true&amp;deployer=GITHUB_ONE_DEPLOY&amp;type=zip&amp;message=%7B%22type%22%3A%22deployment%22%2C%22sha%22%3A%22bda5dff8e1aacf1ef2d3121b22253c3fd7c6ec40%22%2C%22repoName%22%3A%22Akz0rt%2FBirthday-Bot%22%2C%22actor%22%3A%22Akz0rt%22%2C%22slotName%22%3A%22Production%22%2C%22commitMessage%22%3A%22ci%3A%20retry%20azure%20deploy%20with%20SPN%22%7D" X-Client-IP="135.232.200.194" X-Client-Port="3073" >
  <step title="Cleanup Xml Logs" date="2026-01-28T10:07:25.533" /><!-- duration: 112ms -->
  <step title="OneDeploy" date="2026-01-28T10:07:26.918" >
    <step title="Starting PushDeployAsync" date="2026-01-28T10:07:26.979" /><!-- duration: 7ms -->
    <step title="Writing artifact to /tmp/zipdeploy/272223d1-fc9e-4470-bd1e-721f8dbb0d11.zip" date="2026-01-28T10:07:27.045" >
      <step title="Writing multipart request body to /tmp/zipdeploy/272223d1-fc9e-4470-bd1e-721f8dbb0d11.zip" date="2026-01-28T10:07:27.057" /><!-- duration: 10ms -->
    </step><!-- duration: 615ms -->
    <step title="Start deployment in the background" date="2026-01-28T10:07:27.682" >
      <step title="Acquiring Deployment Lock" date="2026-01-28T10:07:27.717" /><!-- duration: 10ms -->
      <step title="Acquired Deployment Lock" date="2026-01-28T10:07:27.810" /><!-- duration: 15ms -->
    </step><!-- duration: 422ms -->
  </step><!-- duration: 1207ms -->
  <step title="Outgoing response" date="2026-01-28T10:07:28.155" type="response" statusCode="202" statusText="Accepted" /><!-- duration: 4ms -->
</step><!-- duration: 2680ms -->
