<step title="Incoming Request" date="2026-01-28T10:20:44.878" instance="7b31da" url="/api/publish?async=true&amp;deployer=GITHUB_ONE_DEPLOY&amp;type=zip&amp;message=%7B%22type%22%3A%22deployment%22%2C%22sha%22%3A%22851c59a423e5940d6dd17e35a07cf164c29af4f2%22%2C%22repoName%22%3A%22Akz0rt%2FBirthday-Bot%22%2C%22actor%22%3A%22Akz0rt%22%2C%22slotName%22%3A%22Production%22%2C%22commitMessage%22%3A%22ci%3A%20trigger%20azure%20deploy%22%7D" method="POST" type="request" pid="851,1,34" Host="birthday-bot-c5a0fydvcmebeqag.scm.canadacentral-01.azurewebsites.net" User-Agent="GITHUBACTIONS_DeployWebAppToAzure_5a5765d1263f789009156e781ab8d44f4dd127fa521ea480dcd42c522fe8fe3a" Authorization="Bea..." Content-Type="application/octet-stream" Cookie="ARRAffinity=7b31da36165afb05d3d4a295c8014b8dbe46951629e150ee1e4042d96c4b6df6;Path=/;HttpOnly;Secure;Domain=birthday-bot-c5a0fydvcmebeqag.scm.canadacentral-01.azurewebsites.net; ARRAffinitySameSite=7b31da36165afb05d3d4a295c8014b8dbe46951629e150ee1e4042d96c4b6df6;Path=/;HttpOnly;SameSite=None;Secure;Domain=birthday-bot-c5a0fydvcmebeqag.scm.canadacentral-01.azurewebsites.net" Transfer-Encoding="chunked" X-ARR-LOG-ID="f7be53ae-4cb2-470e-b4a5-ec702a0e6cee" CLIENT-IP="20.81.183.86:35840" X-SITE-DEPLOYMENT-ID="Birthday-Bot" WAS-DEFAULT-HOSTNAME="birthday-bot-c5a0fydvcmebeqag.scm.canadacentral-01.azurewebsites.net" X-Forwarded-Proto="https" X-AppService-Proto="https" X-Forwarded-TlsVersion="1.3" X-WAWS-Unencoded-URL="/api/publish?async=true&amp;deployer=GITHUB_ONE_DEPLOY&amp;type=zip&amp;message=%7B%22type%22%3A%22deployment%22%2C%22sha%22%3A%22851c59a423e5940d6dd17e35a07cf164c29af4f2%22%2C%22repoName%22%3A%22Akz0rt%2FBirthday-Bot%22%2C%22actor%22%3A%22Akz0rt%22%2C%22slotName%22%3A%22Production%22%2C%22commitMessage%22%3A%22ci%3A%20trigger%20azure%20deploy%22%7D" X-Client-IP="20.81.183.86" X-Client-Port="35840" >
  <step title="OneDeploy" date="2026-01-28T10:20:45.231" >
    <step title="Starting PushDeployAsync" date="2026-01-28T10:20:45.358" /><!-- duration: 6ms -->
    <step title="Writing artifact to /tmp/zipdeploy/4f735319-06ad-4566-bbcd-7d0f1e74e956.zip" date="2026-01-28T10:20:45.612" >
      <step title="Writing multipart request body to /tmp/zipdeploy/4f735319-06ad-4566-bbcd-7d0f1e74e956.zip" date="2026-01-28T10:20:45.647" /><!-- duration: 8ms -->
    </step><!-- duration: 477ms -->
    <step title="Start deployment in the background" date="2026-01-28T10:20:46.101" >
      <step title="Acquiring Deployment Lock" date="2026-01-28T10:20:46.137" /><!-- duration: 4ms -->
      <step title="Cannot Acquire Deployment Lock already held" date="2026-01-28T10:20:46.148" /><!-- duration: 4ms -->
    </step><!-- duration: 89ms -->
    <step title="There is a deployment currently in progress. Please try again when it completes." date="2026-01-28T10:20:46.200" /><!-- duration: 4ms -->
  </step><!-- duration: 977ms -->
  <step title="Outgoing response" date="2026-01-28T10:20:46.211" type="response" statusCode="409" statusText="Conflict" /><!-- duration: 5ms -->
</step><!-- duration: 1374ms -->
