<step title="Incoming Request" date="2026-01-28T11:37:39.999" instance="7b31da" url="/api/deployments/latest" method="GET" type="request" pid="771,1,3" Accept="*/*" Host="birthday-bot-c5a0fydvcmebeqag.scm.canadacentral-01.azurewebsites.net" User-Agent="AZURECLI/2.82.0 (DEB)" Accept-Encoding="gzip, deflate" Authorization="Bea..." x-ms-client-request-id="baea6438-fc3d-11f0-a095-7ced8dc9a529" X-ARR-LOG-ID="baea6438-fc3d-11f0-a095-7ced8dc9a529" CLIENT-IP="64.236.176.194:15361" X-SITE-DEPLOYMENT-ID="Birthday-Bot" WAS-DEFAULT-HOSTNAME="birthday-bot-c5a0fydvcmebeqag.scm.canadacentral-01.azurewebsites.net" X-Forwarded-Proto="https" X-AppService-Proto="https" X-Forwarded-TlsVersion="1.3" X-WAWS-Unencoded-URL="/api/deployments/latest" X-Client-IP="64.236.176.194" X-Client-Port="15361" >
  <step title="Cleanup Xml Logs" date="2026-01-28T11:37:40.008" >
    <step title="Cleanup Infos" date="2026-01-28T11:37:40.052" totalFiles="452" totalCleanup="292" /><!-- duration: 27ms -->
  </step><!-- duration: 80ms -->
  <step title="DeploymentService.GetResult" date="2026-01-28T11:37:40.115" >
    <step title="DeploymentService.GetLatestDeployment" date="2026-01-28T11:37:40.130" >
      <step title="DeploymentManager.GetResults" date="2026-01-28T11:37:40.138" /><!-- duration: 1911ms -->
    </step><!-- duration: 1922ms -->
  </step><!-- duration: 1953ms -->
  <step title="Outgoing response" date="2026-01-28T11:37:42.089" type="response" statusCode="202" statusText="Accepted" /><!-- duration: 10ms -->
</step><!-- duration: 2116ms -->
