<step title="Incoming Request" date="2026-01-28T11:40:27.105" instance="7b31da" url="/api/publish?async=true&amp;deployer=GITHUB_ONE_DEPLOY&amp;type=zip&amp;message=%7B%22type%22%3A%22deployment%22%2C%22sha%22%3A%22b00da6baa40595b5710a31794e4423597a7763b6%22%2C%22repoName%22%3A%22Akz0rt%2FBirthday-Bot%22%2C%22actor%22%3A%22Akz0rt%22%2C%22slotName%22%3A%22Production%22%2C%22commitMessage%22%3A%22security%3A%20remove%20publish%20profile%20from%20git%22%7D" method="POST" type="request" pid="771,1,23" Host="birthday-bot-c5a0fydvcmebeqag.scm.canadacentral-01.azurewebsites.net" User-Agent="GITHUBACTIONS_DeployWebAppToAzure_5a5765d1263f789009156e781ab8d44f4dd127fa521ea480dcd42c522fe8fe3a" Authorization="Bea..." Content-Type="application/octet-stream" Cookie="ARRAffinity=7b31da36165afb05d3d4a295c8014b8dbe46951629e150ee1e4042d96c4b6df6;Path=/;HttpOnly;Secure;Domain=birthday-bot-c5a0fydvcmebeqag.scm.canadacentral-01.azurewebsites.net; ARRAffinitySameSite=7b31da36165afb05d3d4a295c8014b8dbe46951629e150ee1e4042d96c4b6df6;Path=/;HttpOnly;SameSite=None;Secure;Domain=birthday-bot-c5a0fydvcmebeqag.scm.canadacentral-01.azurewebsites.net" Transfer-Encoding="chunked" X-ARR-LOG-ID="49568fcf-ec1b-4327-9949-41e75459bb19" CLIENT-IP="13.83.217.50:23553" X-SITE-DEPLOYMENT-ID="Birthday-Bot" WAS-DEFAULT-HOSTNAME="birthday-bot-c5a0fydvcmebeqag.scm.canadacentral-01.azurewebsites.net" X-Forwarded-Proto="https" X-AppService-Proto="https" X-Forwarded-TlsVersion="1.3" X-WAWS-Unencoded-URL="/api/publish?async=true&amp;deployer=GITHUB_ONE_DEPLOY&amp;type=zip&amp;message=%7B%22type%22%3A%22deployment%22%2C%22sha%22%3A%22b00da6baa40595b5710a31794e4423597a7763b6%22%2C%22repoName%22%3A%22Akz0rt%2FBirthday-Bot%22%2C%22actor%22%3A%22Akz0rt%22%2C%22slotName%22%3A%22Production%22%2C%22commitMessage%22%3A%22security%3A%20remove%20publish%20profile%20from%20git%22%7D" X-Client-IP="13.83.217.50" X-Client-Port="23553" >
  <step title="OneDeploy" date="2026-01-28T11:40:27.220" >
    <step title="Starting PushDeployAsync" date="2026-01-28T11:40:27.225" /><!-- duration: 4ms -->
    <step title="WEBSITE_RUN_FROM_PACKAGE is set to 1. Writing zip to SitePackagesPath" date="2026-01-28T11:40:27.233" /><!-- duration: 4ms -->
    <step title="Copying zip to SitePackages /home/data/SitePackages/20260128114027.zip from request body" date="2026-01-28T11:40:27.243" /><!-- duration: 5ms -->
    <step title="Writing multipart request body to /home/data/SitePackages/20260128114027.zip" date="2026-01-28T11:40:27.259" /><!-- duration: 7ms -->
    <step title="Deleting outdated zip file /home/data/SitePackages/20260128110247.zip" date="2026-01-28T11:40:27.505" /><!-- duration: 7ms -->
    <step title="Start deployment in the background" date="2026-01-28T11:40:27.520" >
      <step title="Acquiring Deployment Lock" date="2026-01-28T11:40:27.532" /><!-- duration: 5ms -->
      <step title="Cannot Acquire Deployment Lock already held" date="2026-01-28T11:40:27.550" /><!-- duration: 5ms -->
    </step><!-- duration: 157ms -->
    <step title="There is a deployment currently in progress. Please try again when it completes." date="2026-01-28T11:40:27.681" /><!-- duration: 3ms -->
  </step><!-- duration: 469ms -->
  <step title="Outgoing response" date="2026-01-28T11:40:27.693" type="response" statusCode="409" statusText="Conflict" /><!-- duration: 3ms -->
</step><!-- duration: 598ms -->
