<step title="BackgroundTrace" date="2026-01-28T10:07:27.691" instance="7b31da" url="/api/publish" method="POST" >
  <step title="Creating temporary deployment - FetchDeploymentManager" date="2026-01-28T10:07:27.848" /><!-- duration: 7ms -->
  <step title="Creating temporary deployment" date="2026-01-28T10:07:27.863" /><!-- duration: 209ms -->
  <step title="Performing fetch based deployment" date="2026-01-28T10:07:28.239" >
    <step title="Cleaning up temp folders from previous zip deployments and extracting pushed zip file /tmp/zipdeploy/272223d1-fc9e-4470-bd1e-721f8dbb0d11.zip (19.28 MB) to /tmp/zipdeploy/extracted" date="2026-01-28T10:07:29.874" >
      <step title="ChmodRecursive Process exited with total time taken in ms: 186" date="2026-01-28T10:07:51.394" /><!-- duration: 19ms -->
    </step><!-- duration: 21547ms -->
    <step title="Deployment timer started" date="2026-01-28T10:07:53.435" >
      <step title="DeploymentManager.Deploy(id:4458b5dd-a619-4234-8314-93d9419243b7)" date="2026-01-28T10:07:53.442" >
        <step title="Collecting changeset information" date="2026-01-28T10:07:53.477" /><!-- duration: 516ms -->
        <step title="Updating submodules" date="2026-01-28T10:07:54.002" /><!-- duration: 1155ms -->
        <step title="Determining deployment builder" date="2026-01-28T10:07:55.547" >
          <step title="Builder is OneDeployBuilder" date="2026-01-28T10:07:55.564" /><!-- duration: 6ms -->
        </step><!-- duration: 27ms -->
        <step title="PreDeployment: context.CleanOutputPath False" date="2026-01-28T10:07:55.659" >
          <step title="PreDeployment: context.OutputPath /home/site/wwwroot" date="2026-01-28T10:07:55.820" >
            <step title="Building" date="2026-01-28T10:07:55.996" >
              <step title="Executing external process" date="2026-01-28T10:07:57.017" type="process" path="starter.sh" arguments="/opt/Kudu/Scripts/absoluteTar.sh /tmp/zipdeploy/extracted/node_modules /tmp/zipdeploy/extracted/node_modules.tar.gz" /><!-- duration: 2837ms -->
              <step title="Executing external process" date="2026-01-28T10:08:00.775" type="process" path="starter.sh" arguments="/opt/Kudu/Scripts/parallel_rsync.sh /tmp/zipdeploy/extracted /home/site/wwwroot 8 /tmp/ False False node_modules " /><!-- duration: 6794ms -->
              <step title="Modified file to trigger a restart of the app container." date="2026-01-28T10:08:08.591" /><!-- duration: 6ms -->
              <step title="Skip function trigger and logicapp sync because function is not enabled." date="2026-01-28T10:08:08.602" /><!-- duration: 6ms -->
            </step><!-- duration: 13951ms -->
          </step><!-- duration: 14145ms -->
          <step title="Cleaning up temp files" date="2026-01-28T10:08:09.968" /><!-- duration: 6ms -->
          <step title="Cleaning up temp files" date="2026-01-28T10:08:09.981" /><!-- duration: 506ms -->
          <step title="Reloading status file with latest updates" date="2026-01-28T10:08:10.607" >
            <step title="WebHooksManager.PublishEventAsync: PostDeployment" date="2026-01-28T10:08:10.611" /><!-- duration: 31ms -->
          </step><!-- duration: 40ms -->
          <step title="Cleaning up temporary deployment - fetch deployment was successful" date="2026-01-28T10:08:10.654" /><!-- duration: 4ms -->
        </step><!-- duration: 15143ms -->
      </step><!-- duration: 17380ms -->
