<step title="Incoming Request" date="2026-01-28T10:28:55.993" instance="7b31da" url="/api/publish?async=true&amp;deployer=GITHUB_ONE_DEPLOY&amp;type=zip&amp;message=%7B%22type%22%3A%22deployment%22%2C%22sha%22%3A%225e1862a8341ddbbd9d14ae8d485e2515ef8938bf%22%2C%22repoName%22%3A%22Akz0rt%2FBirthday-Bot%22%2C%22actor%22%3A%22Akz0rt%22%2C%22slotName%22%3A%22Production%22%2C%22commitMessage%22%3A%22ci%3A%20retry%20azure%20deploy%20(disable%20kudu)%22%7D" method="POST" type="request" pid="768,1,17" Host="birthday-bot-c5a0fydvcmebeqag.scm.canadacentral-01.azurewebsites.net" User-Agent="GITHUBACTIONS_DeployWebAppToAzure_5a5765d1263f789009156e781ab8d44f4dd127fa521ea480dcd42c522fe8fe3a" Authorization="Bea..." Content-Type="application/octet-stream" Cookie="ARRAffinity=7b31da36165afb05d3d4a295c8014b8dbe46951629e150ee1e4042d96c4b6df6;Path=/;HttpOnly;Secure;Domain=birthday-bot-c5a0fydvcmebeqag.scm.canadacentral-01.azurewebsites.net; ARRAffinitySameSite=7b31da36165afb05d3d4a295c8014b8dbe46951629e150ee1e4042d96c4b6df6;Path=/;HttpOnly;SameSite=None;Secure;Domain=birthday-bot-c5a0fydvcmebeqag.scm.canadacentral-01.azurewebsites.net" Transfer-Encoding="chunked" X-ARR-LOG-ID="704a8b45-99b9-4e52-9de6-86ef2ae7d336" CLIENT-IP="40.65.61.36:43969" X-SITE-DEPLOYMENT-ID="Birthday-Bot" WAS-DEFAULT-HOSTNAME="birthday-bot-c5a0fydvcmebeqag.scm.canadacentral-01.azurewebsites.net" X-Forwarded-Proto="https" X-AppService-Proto="https" X-Forwarded-TlsVersion="1.3" X-WAWS-Unencoded-URL="/api/publish?async=true&amp;deployer=GITHUB_ONE_DEPLOY&amp;type=zip&amp;message=%7B%22type%22%3A%22deployment%22%2C%22sha%22%3A%225e1862a8341ddbbd9d14ae8d485e2515ef8938bf%22%2C%22repoName%22%3A%22Akz0rt%2FBirthday-Bot%22%2C%22actor%22%3A%22Akz0rt%22%2C%22slotName%22%3A%22Production%22%2C%22commitMessage%22%3A%22ci%3A%20retry%20azure%20deploy%20(disable%20kudu)%22%7D" X-Client-IP="40.65.61.36" X-Client-Port="43969" >
  <step title="Cleanup Xml Logs" date="2026-01-28T10:28:55.996" >
    <step title="Cleanup Infos" date="2026-01-28T10:28:56.007" totalFiles="205" totalCleanup="45" /><!-- duration: 6ms -->
  </step><!-- duration: 21ms -->
  <step title="OneDeploy" date="2026-01-28T10:28:56.030" >
    <step title="Starting PushDeployAsync" date="2026-01-28T10:28:56.037" /><!-- duration: 3ms -->
    <step title="Writing artifact to /tmp/zipdeploy/55d91572-7d47-40a2-8b95-a28850ea2d6f.zip" date="2026-01-28T10:28:56.050" >
      <step title="Writing multipart request body to /tmp/zipdeploy/55d91572-7d47-40a2-8b95-a28850ea2d6f.zip" date="2026-01-28T10:28:56.055" /><!-- duration: 6ms -->
    </step><!-- duration: 585ms -->
    <step title="Start deployment in the background" date="2026-01-28T10:28:56.644" >
      <step title="Acquiring Deployment Lock" date="2026-01-28T10:28:56.657" /><!-- duration: 4ms -->
      <step title="Cannot Acquire Deployment Lock already held" date="2026-01-28T10:28:56.670" /><!-- duration: 38ms -->
    </step><!-- duration: 95ms -->
    <step title="There is a deployment currently in progress. Please try again when it completes." date="2026-01-28T10:28:56.743" /><!-- duration: 8ms -->
  </step><!-- duration: 724ms -->
  <step title="Outgoing response" date="2026-01-28T10:28:56.758" type="response" statusCode="409" statusText="Conflict" /><!-- duration: 6ms -->
</step><!-- duration: 792ms -->
