<step title="Incoming Request" date="2026-01-28T10:10:48.279" instance="7b31da" url="/api/publish?async=true&amp;deployer=GITHUB_ONE_DEPLOY&amp;type=zip&amp;message=%7B%22type%22%3A%22deployment%22%2C%22sha%22%3A%2254ff8aaa09bfb23186f1f962dfd88f7da244a467%22%2C%22repoName%22%3A%22Akz0rt%2FBirthday-Bot%22%2C%22actor%22%3A%22Akz0rt%22%2C%22slotName%22%3A%22Production%22%2C%22commitMessage%22%3A%22ci%3A%20trigger%20azure%20deploy%22%7D" method="POST" type="request" pid="851,1,3" Host="birthday-bot-c5a0fydvcmebeqag.scm.canadacentral-01.azurewebsites.net" User-Agent="GITHUBACTIONS_DeployWebAppToAzure_5a5765d1263f789009156e781ab8d44f4dd127fa521ea480dcd42c522fe8fe3a" Authorization="Bea..." Content-Type="application/octet-stream" Cookie="ARRAffinity=7b31da36165afb05d3d4a295c8014b8dbe46951629e150ee1e4042d96c4b6df6;Path=/;HttpOnly;Secure;Domain=birthday-bot-c5a0fydvcmebeqag.scm.canadacentral-01.azurewebsites.net; ARRAffinitySameSite=7b31da36165afb05d3d4a295c8014b8dbe46951629e150ee1e4042d96c4b6df6;Path=/;HttpOnly;SameSite=None;Secure;Domain=birthday-bot-c5a0fydvcmebeqag.scm.canadacentral-01.azurewebsites.net" Transfer-Encoding="chunked" X-ARR-LOG-ID="a946b0c6-44ac-489b-b319-f4e72939cbe8" CLIENT-IP="40.65.61.147:6168" X-SITE-DEPLOYMENT-ID="Birthday-Bot" WAS-DEFAULT-HOSTNAME="birthday-bot-c5a0fydvcmebeqag.scm.canadacentral-01.azurewebsites.net" X-Forwarded-Proto="https" X-AppService-Proto="https" X-Forwarded-TlsVersion="1.3" X-WAWS-Unencoded-URL="/api/publish?async=true&amp;deployer=GITHUB_ONE_DEPLOY&amp;type=zip&amp;message=%7B%22type%22%3A%22deployment%22%2C%22sha%22%3A%2254ff8aaa09bfb23186f1f962dfd88f7da244a467%22%2C%22repoName%22%3A%22Akz0rt%2FBirthday-Bot%22%2C%22actor%22%3A%22Akz0rt%22%2C%22slotName%22%3A%22Production%22%2C%22commitMessage%22%3A%22ci%3A%20trigger%20azure%20deploy%22%7D" X-Client-IP="40.65.61.147" X-Client-Port="6168" >
  <step title="Cleanup Xml Logs" date="2026-01-28T10:10:48.286" /><!-- duration: 21ms -->
  <step title="OneDeploy" date="2026-01-28T10:10:48.344" >
    <step title="Starting PushDeployAsync" date="2026-01-28T10:10:48.354" /><!-- duration: 17ms -->
    <step title="Writing artifact to /tmp/zipdeploy/fc340c16-a00a-40e1-9244-94850de66f4c.zip" date="2026-01-28T10:10:48.435" >
      <step title="Writing multipart request body to /tmp/zipdeploy/fc340c16-a00a-40e1-9244-94850de66f4c.zip" date="2026-01-28T10:10:48.449" /><!-- duration: 22ms -->
    </step><!-- duration: 601ms -->
    <step title="Start deployment in the background" date="2026-01-28T10:10:49.078" >
      <step title="Acquiring Deployment Lock" date="2026-01-28T10:10:49.124" /><!-- duration: 7ms -->
      <step title="Cannot Acquire Deployment Lock already held" date="2026-01-28T10:10:49.165" /><!-- duration: 15ms -->
    </step><!-- duration: 177ms -->
    <step title="There is a deployment currently in progress. Please try again when it completes." date="2026-01-28T10:10:49.273" /><!-- duration: 12ms -->
  </step><!-- duration: 979ms -->
  <step title="Outgoing response" date="2026-01-28T10:10:49.331" type="response" statusCode="409" statusText="Conflict" /><!-- duration: 22ms -->
</step><!-- duration: 1126ms -->
