<step title="BackgroundTrace" date="2026-01-28T11:02:55.572" instance="7b31da" url="/api/publish" method="POST" >
  <step title="Creating temporary deployment - FetchDeploymentManager" date="2026-01-28T11:02:55.629" /><!-- duration: 2ms -->
  <step title="Creating temporary deployment" date="2026-01-28T11:02:55.636" /><!-- duration: 56ms -->
  <step title="Performing fetch based deployment" date="2026-01-28T11:02:55.745" >
    <step title="Deployment timer started" date="2026-01-28T11:02:58.913" >
      <step title="DeploymentManager.Deploy(id:74fb99bf-dc44-4dcd-9189-d1f06b3fc34c)" date="2026-01-28T11:02:58.926" >
        <step title="Collecting changeset information" date="2026-01-28T11:02:58.988" /><!-- duration: 96ms -->
        <step title="Updating submodules" date="2026-01-28T11:02:59.090" /><!-- duration: 1124ms -->
        <step title="Determining deployment builder" date="2026-01-28T11:03:00.421" >
          <step title="Builder is RunFromZipSiteBuilder" date="2026-01-28T11:03:00.428" /><!-- duration: 4ms -->
        </step><!-- duration: 14ms -->
        <step title="PreDeployment: context.CleanOutputPath False" date="2026-01-28T11:03:00.481" >
          <step title="PreDeployment: context.OutputPath /home/site/wwwroot" date="2026-01-28T11:03:00.606" >
            <step title="Building" date="2026-01-28T11:03:00.745" >
              <step title="Modified file to trigger a restart of the app container." date="2026-01-28T11:03:01.140" /><!-- duration: 3ms -->
              <step title="Skip function trigger and logicapp sync because function is not enabled." date="2026-01-28T11:03:01.146" /><!-- duration: 7ms -->
              <step title="Purge deployment items" date="2026-01-28T11:03:03.525" >
                <step title="Remove 46e99df6-, Success, received at 01/28/2026 09:49:39" date="2026-01-28T11:03:03.584" /><!-- duration: 15ms -->
              </step><!-- duration: 78ms -->
            </step><!-- duration: 2924ms -->
          </step><!-- duration: 3069ms -->
          <step title="Cleaning up temp files" date="2026-01-28T11:03:03.677" /><!-- duration: 3ms -->
          <step title="Cleaning up temp files" date="2026-01-28T11:03:03.684" /><!-- duration: 503ms -->
          <step title="Reloading status file with latest updates" date="2026-01-28T11:03:04.224" >
            <step title="WebHooksManager.PublishEventAsync: PostDeployment" date="2026-01-28T11:03:04.251" /><!-- duration: 38ms -->
          </step><!-- duration: 68ms -->
          <step title="Cleaning up temporary deployment - fetch deployment was successful" date="2026-01-28T11:03:04.296" /><!-- duration: 3ms -->
        </step><!-- duration: 3871ms -->
      </step><!-- duration: 5447ms -->
