<step title="Incoming Request" date="2026-01-28T10:28:53.080" instance="7b31da" url="/api/publish?async=true&amp;deployer=GITHUB_ONE_DEPLOY&amp;type=zip&amp;message=%7B%22type%22%3A%22deployment%22%2C%22sha%22%3A%225e1862a8341ddbbd9d14ae8d485e2515ef8938bf%22%2C%22repoName%22%3A%22Akz0rt%2FBirthday-Bot%22%2C%22actor%22%3A%22Akz0rt%22%2C%22slotName%22%3A%22Production%22%2C%22commitMessage%22%3A%22ci%3A%20retry%20azure%20deploy%20(disable%20kudu)%22%7D" method="POST" type="request" pid="768,1,17" Host="birthday-bot-c5a0fydvcmebeqag.scm.canadacentral-01.azurewebsites.net" User-Agent="GITHUBACTIONS_DeployWebAppToAzure_5a5765d1263f789009156e781ab8d44f4dd127fa521ea480dcd42c522fe8fe3a" Authorization="Bea..." Content-Type="application/octet-stream" Cookie="ARRAffinity=7b31da36165afb05d3d4a295c8014b8dbe46951629e150ee1e4042d96c4b6df6;Path=/;HttpOnly;Secure;Domain=birthday-bot-c5a0fydvcmebeqag.scm.canadacentral-01.azurewebsites.net; ARRAffinitySameSite=7b31da36165afb05d3d4a295c8014b8dbe46951629e150ee1e4042d96c4b6df6;Path=/;HttpOnly;SameSite=None;Secure;Domain=birthday-bot-c5a0fydvcmebeqag.scm.canadacentral-01.azurewebsites.net" Transfer-Encoding="chunked" X-ARR-LOG-ID="f42dd765-75b8-40b5-96f6-dd8477c0ad98" CLIENT-IP="40.65.61.36:43969" X-SITE-DEPLOYMENT-ID="Birthday-Bot" WAS-DEFAULT-HOSTNAME="birthday-bot-c5a0fydvcmebeqag.scm.canadacentral-01.azurewebsites.net" X-Forwarded-Proto="https" X-AppService-Proto="https" X-Forwarded-TlsVersion="1.3" X-WAWS-Unencoded-URL="/api/publish?async=true&amp;deployer=GITHUB_ONE_DEPLOY&amp;type=zip&amp;message=%7B%22type%22%3A%22deployment%22%2C%22sha%22%3A%225e1862a8341ddbbd9d14ae8d485e2515ef8938bf%22%2C%22repoName%22%3A%22Akz0rt%2FBirthday-Bot%22%2C%22actor%22%3A%22Akz0rt%22%2C%22slotName%22%3A%22Production%22%2C%22commitMessage%22%3A%22ci%3A%20retry%20azure%20deploy%20(disable%20kudu)%22%7D" X-Client-IP="40.65.61.36" X-Client-Port="43969" >
  <step title="OneDeploy" date="2026-01-28T10:28:53.101" >
    <step title="Starting PushDeployAsync" date="2026-01-28T10:28:53.109" /><!-- duration: 5ms -->
    <step title="Writing artifact to /tmp/zipdeploy/fcd8b093-8714-47b9-81c8-84bd437af375.zip" date="2026-01-28T10:28:53.218" >
      <step title="Writing multipart request body to /tmp/zipdeploy/fcd8b093-8714-47b9-81c8-84bd437af375.zip" date="2026-01-28T10:28:53.222" /><!-- duration: 4ms -->
    </step><!-- duration: 504ms -->
    <step title="Start deployment in the background" date="2026-01-28T10:28:53.735" >
      <step title="Acquiring Deployment Lock" date="2026-01-28T10:28:53.749" /><!-- duration: 3ms -->
      <step title="Cannot Acquire Deployment Lock already held" date="2026-01-28T10:28:53.760" /><!-- duration: 6ms -->
    </step><!-- duration: 93ms -->
    <step title="There is a deployment currently in progress. Please try again when it completes." date="2026-01-28T10:28:53.832" /><!-- duration: 4ms -->
  </step><!-- duration: 739ms -->
  <step title="Outgoing response" date="2026-01-28T10:28:53.845" type="response" statusCode="409" statusText="Conflict" /><!-- duration: 4ms -->
</step><!-- duration: 775ms -->
