<step title="BackgroundTrace" date="2026-01-28T11:02:37.912" instance="7b31da" url="/api/zipdeploy" method="POST" >
  <step title="Creating temporary deployment - FetchDeploymentManager" date="2026-01-28T11:02:37.997" /><!-- duration: 7ms -->
  <step title="Creating temporary deployment" date="2026-01-28T11:02:38.010" /><!-- duration: 81ms -->
  <step title="Performing fetch based deployment" date="2026-01-28T11:02:38.139" >
    <step title="Deployment timer started" date="2026-01-28T11:02:41.531" >
      <step title="DeploymentManager.Deploy(id:81f4930e-b3a9-48db-99dc-379ba55813b9)" date="2026-01-28T11:02:41.557" >
        <step title="Collecting changeset information" date="2026-01-28T11:02:41.722" /><!-- duration: 211ms -->
        <step title="Updating submodules" date="2026-01-28T11:02:41.953" /><!-- duration: 1234ms -->
        <step title="Determining deployment builder" date="2026-01-28T11:02:44.717" >
          <step title="Builder is RunFromZipSiteBuilder" date="2026-01-28T11:02:44.742" /><!-- duration: 11ms -->
        </step><!-- duration: 62ms -->
        <step title="PreDeployment: context.CleanOutputPath False" date="2026-01-28T11:02:44.881" >
          <step title="PreDeployment: context.OutputPath /home/site/wwwroot" date="2026-01-28T11:02:45.124" >
            <step title="Building" date="2026-01-28T11:02:45.384" >
              <step title="Triggering recycle (preview mode disabled)." date="2026-01-28T11:02:46.152" /><!-- duration: 13ms -->
              <step title="Modified file to trigger a restart of the app container." date="2026-01-28T11:02:46.203" /><!-- duration: 4ms -->
              <step title="Skip function trigger and logicapp sync because function is not enabled." date="2026-01-28T11:02:46.215" /><!-- duration: 20ms -->
              <step title="Purge deployment items" date="2026-01-28T11:02:47.671" >
                <step title="Remove 83fba4d6-, Success, received at 01/28/2026 09:34:09" date="2026-01-28T11:02:47.738" /><!-- duration: 3ms -->
              </step><!-- duration: 75ms -->
            </step><!-- duration: 2436ms -->
          </step><!-- duration: 2706ms -->
          <step title="Cleaning up temp files" date="2026-01-28T11:02:47.833" /><!-- duration: 4ms -->
          <step title="Cleaning up temp files" date="2026-01-28T11:02:47.853" /><!-- duration: 804ms -->
          <step title="Reloading status file with latest updates" date="2026-01-28T11:02:48.697" >
            <step title="WebHooksManager.PublishEventAsync: PostDeployment" date="2026-01-28T11:02:48.701" /><!-- duration: 23ms -->
          </step><!-- duration: 31ms -->
          <step title="Cleaning up temporary deployment - fetch deployment was successful" date="2026-01-28T11:02:48.735" /><!-- duration: 3ms -->
        </step><!-- duration: 3932ms -->
      </step><!-- duration: 7271ms -->
