<step title="BackgroundTrace" date="2026-01-28T10:21:00.850" instance="7b31da" url="/api/publish" method="POST" >
  <step title="Creating temporary deployment - FetchDeploymentManager" date="2026-01-28T10:21:00.898" /><!-- duration: 3ms -->
  <step title="Creating temporary deployment" date="2026-01-28T10:21:00.905" /><!-- duration: 89ms -->
  <step title="Performing fetch based deployment" date="2026-01-28T10:21:01.069" >
    <step title="Cleaning up temp folders from previous zip deployments and extracting pushed zip file /tmp/zipdeploy/3017beca-184d-40ee-9fad-c45bb624bee1.zip (19.28 MB) to /tmp/zipdeploy/extracted" date="2026-01-28T10:21:02.392" >
      <step title="ChmodRecursive Process exited with total time taken in ms: 197" date="2026-01-28T10:21:12.546" /><!-- duration: 9ms -->
    </step><!-- duration: 10169ms -->
    <step title="Deployment timer started" date="2026-01-28T10:21:14.578" >
      <step title="DeploymentManager.Deploy(id:4b777b60-84f3-4de6-b208-36a2252d03be)" date="2026-01-28T10:21:14.589" >
        <step title="Collecting changeset information" date="2026-01-28T10:21:14.600" /><!-- duration: 371ms -->
        <step title="Updating submodules" date="2026-01-28T10:21:14.977" /><!-- duration: 1184ms -->
        <step title="Determining deployment builder" date="2026-01-28T10:21:16.386" >
          <step title="Builder is OneDeployBuilder" date="2026-01-28T10:21:16.400" /><!-- duration: 3ms -->
        </step><!-- duration: 21ms -->
        <step title="PreDeployment: context.CleanOutputPath False" date="2026-01-28T10:21:16.453" >
          <step title="PreDeployment: context.OutputPath /home/site/wwwroot" date="2026-01-28T10:21:16.579" >
            <step title="Building" date="2026-01-28T10:21:16.716" >
              <step title="Executing external process" date="2026-01-28T10:21:17.438" type="process" path="starter.sh" arguments="/opt/Kudu/Scripts/absoluteTar.sh /tmp/zipdeploy/extracted/node_modules /tmp/zipdeploy/extracted/node_modules.tar.gz" /><!-- duration: 2557ms -->
              <step title="Executing external process" date="2026-01-28T10:21:20.267" type="process" path="starter.sh" arguments="/opt/Kudu/Scripts/parallel_rsync.sh /tmp/zipdeploy/extracted /home/site/wwwroot 8 /tmp/ False False node_modules " /><!-- duration: 5014ms -->
              <step title="Modified file to trigger a restart of the app container." date="2026-01-28T10:21:26.137" /><!-- duration: 3ms -->
              <step title="Skip function trigger and logicapp sync because function is not enabled." date="2026-01-28T10:21:26.155" /><!-- duration: 3ms -->
              <step title="Purge deployment items" date="2026-01-28T10:21:27.483" >
                <step title="Remove 2d8ba835-, Failed, received at 01/28/2026 10:20:40" date="2026-01-28T10:21:27.541" /><!-- duration: 3ms -->
                <step title="Remove temp-d116, Failed, received at 01/28/2026 10:20:23" date="2026-01-28T10:21:28.448" /><!-- duration: 4ms -->
                <step title="Remove e93a22fb-, Failed, received at 01/28/2026 10:09:51" date="2026-01-28T10:21:28.516" /><!-- duration: 3ms -->
              </step><!-- duration: 1040ms -->
            </step><!-- duration: 11900ms -->
          </step><!-- duration: 12050ms -->
          <step title="Cleaning up temp files" date="2026-01-28T10:21:28.632" /><!-- duration: 4ms -->
          <step title="Cleaning up temp files" date="2026-01-28T10:21:28.639" /><!-- duration: 507ms -->
          <step title="Reloading status file with latest updates" date="2026-01-28T10:21:29.195" >
            <step title="WebHooksManager.PublishEventAsync: PostDeployment" date="2026-01-28T10:21:29.202" /><!-- duration: 40ms -->
          </step><!-- duration: 50ms -->
          <step title="Cleaning up temporary deployment - fetch deployment was successful" date="2026-01-28T10:21:29.252" /><!-- duration: 3ms -->
        </step><!-- duration: 12873ms -->
      </step><!-- duration: 14755ms -->
