<step title="BackgroundTrace" date="2026-01-28T10:53:47.070" instance="7b31da" url="/api/zipdeploy" method="POST" >
  <step title="Creating temporary deployment - FetchDeploymentManager" date="2026-01-28T10:53:47.133" /><!-- duration: 2ms -->
  <step title="Creating temporary deployment" date="2026-01-28T10:53:47.144" /><!-- duration: 80ms -->
  <step title="Performing fetch based deployment" date="2026-01-28T10:53:47.254" >
    <step title="Deployment timer started" date="2026-01-28T10:53:50.460" >
      <step title="DeploymentManager.Deploy(id:3af1b1c8-2105-48d0-8a17-55241c2e63de)" date="2026-01-28T10:53:50.470" >
        <step title="Collecting changeset information" date="2026-01-28T10:53:50.501" /><!-- duration: 83ms -->
        <step title="Updating submodules" date="2026-01-28T10:53:50.590" /><!-- duration: 1137ms -->
        <step title="Determining deployment builder" date="2026-01-28T10:53:51.932" >
          <step title="Builder is RunFromZipSiteBuilder" date="2026-01-28T10:53:51.941" /><!-- duration: 5ms -->
        </step><!-- duration: 17ms -->
        <step title="PreDeployment: context.CleanOutputPath False" date="2026-01-28T10:53:51.999" >
          <step title="PreDeployment: context.OutputPath /home/site/wwwroot" date="2026-01-28T10:53:52.126" >
            <step title="Building" date="2026-01-28T10:53:52.259" >
              <step title="Triggering recycle (preview mode disabled)." date="2026-01-28T10:53:52.643" /><!-- duration: 3ms -->
              <step title="Modified file to trigger a restart of the app container." date="2026-01-28T10:53:52.680" /><!-- duration: 3ms -->
              <step title="Skip function trigger and logicapp sync because function is not enabled." date="2026-01-28T10:53:52.699" /><!-- duration: 5ms -->
              <step title="Purge deployment items" date="2026-01-28T10:53:53.981" >
                <step title="Remove a9a1b590-, Success, received at 01/28/2026 08:56:58" date="2026-01-28T10:53:54.065" /><!-- duration: 3ms -->
              </step><!-- duration: 91ms -->
            </step><!-- duration: 1906ms -->
          </step><!-- duration: 2065ms -->
          <step title="Cleaning up temp files" date="2026-01-28T10:53:54.197" /><!-- duration: 9ms -->
          <step title="Cleaning up temp files" date="2026-01-28T10:53:54.211" /><!-- duration: 524ms -->
          <step title="Reloading status file with latest updates" date="2026-01-28T10:53:54.790" >
            <step title="WebHooksManager.PublishEventAsync: PostDeployment" date="2026-01-28T10:53:54.795" /><!-- duration: 74ms -->
          </step><!-- duration: 111ms -->
          <step title="Cleaning up temporary deployment - fetch deployment was successful" date="2026-01-28T10:53:54.914" /><!-- duration: 5ms -->
        </step><!-- duration: 3010ms -->
      </step><!-- duration: 4599ms -->
