<step title="Incoming Request" date="2026-01-28T11:45:50.887" instance="7b31da" url="/api/zipdeploy?isAsync=true" method="POST" type="request" pid="768,1,7" Accept="*/*" Host="birthday-bot-c5a0fydvcmebeqag.scm.canadacentral-01.azurewebsites.net" User-Agent="AZURECLI/2.82.0 (MSI)" Accept-Encoding="gzip, deflate" Authorization="Bea..." Cache-Control="no-cache" Content-Type="application/octet-stream" Content-Length="21730" x-ms-client-request-id="e26aa56d-fc3e-11f0-867c-5cb47ebf6c0f" x-ms-artifact-checksum="fbd93defc00125399b48fe5090b0633fb9efe4528e20723e3b6e04190a3f4387" X-ARR-LOG-ID="e26aa56d-fc3e-11f0-867c-5cb47ebf6c0f" CLIENT-IP="77.239.162.229:54664" X-SITE-DEPLOYMENT-ID="Birthday-Bot" WAS-DEFAULT-HOSTNAME="birthday-bot-c5a0fydvcmebeqag.scm.canadacentral-01.azurewebsites.net" X-Forwarded-Proto="https" X-AppService-Proto="https" X-Forwarded-TlsVersion="1.3" X-WAWS-Unencoded-URL="/api/zipdeploy?isAsync=true" X-Client-IP="77.239.162.229" X-Client-Port="54664" >
  <step title="Cleanup Xml Logs" date="2026-01-28T11:45:50.890" >
    <step title="Cleanup Infos" date="2026-01-28T11:45:50.905" totalFiles="476" totalCleanup="316" /><!-- duration: 8ms -->
  </step><!-- duration: 26ms -->
  <step title="ZipPushDeploy" date="2026-01-28T11:45:51.336" >
    <step title="ZipDeploy. Run from package." date="2026-01-28T11:45:51.343" /><!-- duration: 4ms -->
    <step title="None repository commit" date="2026-01-28T11:45:51.647" >
      <step title="Commit id: 1522c3cb-e814-4162-b824-83bfe4767485" date="2026-01-28T11:45:51.651" Message="N/A" AuthorName="N/A" AuthorEmail="N/A" /><!-- duration: 3ms -->
    </step><!-- duration: 10ms -->
    <step title="Starting PushDeployAsync" date="2026-01-28T11:45:51.661" /><!-- duration: 5ms -->
    <step title="WEBSITE_RUN_FROM_PACKAGE is set to 1. Writing zip to SitePackagesPath" date="2026-01-28T11:45:51.903" /><!-- duration: 6ms -->
    <step title="Copying zip to SitePackages /home/data/SitePackages/20260128114551.zip from request body" date="2026-01-28T11:45:51.917" /><!-- duration: 3ms -->
    <step title="Writing multipart request body to /home/data/SitePackages/20260128114551.zip" date="2026-01-28T11:45:51.923" /><!-- duration: 3ms -->
    <step title="Deleting outdated zip file /home/data/SitePackages/20260128113752.zip" date="2026-01-28T11:45:51.972" /><!-- duration: 6ms -->
    <step title="Start deployment in the background" date="2026-01-28T11:45:51.995" >
      <step title="Acquiring Deployment Lock" date="2026-01-28T11:45:52.005" /><!-- duration: 4ms -->
      <step title="Acquired Deployment Lock" date="2026-01-28T11:45:52.058" /><!-- duration: 4ms -->
    </step><!-- duration: 139ms -->
  </step><!-- duration: 805ms -->
  <step title="Outgoing response" date="2026-01-28T11:45:52.150" type="response" statusCode="202" statusText="Accepted" /><!-- duration: 3ms -->
</step><!-- duration: 1269ms -->
