<step title="Incoming Request" date="2026-01-28T10:54:03.282" instance="7b31da" url="/api/deployments/latest?deployer=OneDeploy&amp;time=2026-01-28_10-53-57Z" method="GET" type="request" pid="768,1,26" Host="birthday-bot-c5a0fydvcmebeqag.scm.canadacentral-01.azurewebsites.net" User-Agent="GITHUBACTIONS_DeployWebAppToAzure_5a5765d1263f789009156e781ab8d44f4dd127fa521ea480dcd42c522fe8fe3a" Authorization="Bea..." Content-Type="application/json; charset=utf-8" Cookie="ARRAffinity=7b31da36165afb05d3d4a295c8014b8dbe46951629e150ee1e4042d96c4b6df6;Path=/;HttpOnly;Secure;Domain=birthday-bot-c5a0fydvcmebeqag.scm.canadacentral-01.azurewebsites.net; ARRAffinitySameSite=7b31da36165afb05d3d4a295c8014b8dbe46951629e150ee1e4042d96c4b6df6;Path=/;HttpOnly;SameSite=None;Secure;Domain=birthday-bot-c5a0fydvcmebeqag.scm.canadacentral-01.azurewebsites.net" Content-Length="0" X-ARR-LOG-ID="37dfd5c6-2e0c-48d9-b428-07cdf5e89201" CLIENT-IP="64.236.160.25:61482" X-SITE-DEPLOYMENT-ID="Birthday-Bot" WAS-DEFAULT-HOSTNAME="birthday-bot-c5a0fydvcmebeqag.scm.canadacentral-01.azurewebsites.net" X-Forwarded-Proto="https" X-AppService-Proto="https" X-Forwarded-TlsVersion="1.3" X-WAWS-Unencoded-URL="/api/deployments/latest?deployer=OneDeploy&amp;time=2026-01-28_10-53-57Z" X-Client-IP="64.236.160.25" X-Client-Port="61482" >
  <step title="Cleanup Xml Logs" date="2026-01-28T10:54:03.286" >
    <step title="Cleanup Infos" date="2026-01-28T10:54:03.298" totalFiles="246" totalCleanup="86" /><!-- duration: 5ms -->
  </step><!-- duration: 21ms -->
  <step title="DeploymentService.GetResult" date="2026-01-28T10:54:03.314" >
    <step title="DeploymentService.GetLatestDeployment" date="2026-01-28T10:54:03.321" >
      <step title="DeploymentManager.GetResults" date="2026-01-28T10:54:03.325" /><!-- duration: 628ms -->
    </step><!-- duration: 638ms -->
  </step><!-- duration: 649ms -->
  <step title="Outgoing response" date="2026-01-28T10:54:03.971" type="response" statusCode="202" statusText="Accepted" /><!-- duration: 4ms -->
</step><!-- duration: 697ms -->
