<step title="BackgroundTrace" date="2026-01-28T11:37:53.240" instance="7b31da" url="/api/publish" method="POST" >
  <step title="Creating temporary deployment - FetchDeploymentManager" date="2026-01-28T11:37:53.283" /><!-- duration: 2ms -->
  <step title="Creating temporary deployment" date="2026-01-28T11:37:53.290" /><!-- duration: 55ms -->
  <step title="Performing fetch based deployment" date="2026-01-28T11:37:53.397" >
    <step title="Deployment timer started" date="2026-01-28T11:37:56.587" >
      <step title="DeploymentManager.Deploy(id:184d8412-0fa7-4ba9-9fed-97d31aab33b0)" date="2026-01-28T11:37:56.595" >
        <step title="Collecting changeset information" date="2026-01-28T11:37:56.618" /><!-- duration: 88ms -->
        <step title="Updating submodules" date="2026-01-28T11:37:56.715" /><!-- duration: 1121ms -->
        <step title="Determining deployment builder" date="2026-01-28T11:37:58.055" >
          <step title="Builder is RunFromZipSiteBuilder" date="2026-01-28T11:37:58.066" /><!-- duration: 27ms -->
        </step><!-- duration: 41ms -->
        <step title="PreDeployment: context.CleanOutputPath False" date="2026-01-28T11:37:58.125" >
          <step title="PreDeployment: context.OutputPath /home/site/wwwroot" date="2026-01-28T11:37:58.232" >
            <step title="Building" date="2026-01-28T11:37:58.393" >
              <step title="Modified file to trigger a restart of the app container." date="2026-01-28T11:37:58.829" /><!-- duration: 3ms -->
              <step title="Skip function trigger and logicapp sync because function is not enabled." date="2026-01-28T11:37:58.836" /><!-- duration: 5ms -->
              <step title="Purge deployment items" date="2026-01-28T11:38:00.185" >
                <step title="Remove f0cddbb9-, Success, received at 01/28/2026 10:00:54" date="2026-01-28T11:38:00.251" /><!-- duration: 4ms -->
              </step><!-- duration: 76ms -->
            </step><!-- duration: 1963ms -->
          </step><!-- duration: 2131ms -->
          <step title="Cleaning up temp files" date="2026-01-28T11:38:00.366" /><!-- duration: 4ms -->
          <step title="Cleaning up temp files" date="2026-01-28T11:38:00.374" /><!-- duration: 505ms -->
          <step title="Reloading status file with latest updates" date="2026-01-28T11:38:01.219" >
            <step title="WebHooksManager.PublishEventAsync: PostDeployment" date="2026-01-28T11:38:01.223" /><!-- duration: 40ms -->
          </step><!-- duration: 50ms -->
          <step title="Cleaning up temporary deployment - fetch deployment was successful" date="2026-01-28T11:38:01.286" /><!-- duration: 3ms -->
        </step><!-- duration: 3239ms -->
      </step><!-- duration: 4785ms -->
