<step title="Incoming Request" date="2026-01-28T10:28:59.479" instance="7b31da" url="/api/deployments/latest" method="GET" type="request" pid="768,1,19" Accept="*/*" Host="birthday-bot-c5a0fydvcmebeqag.scm.canadacentral-01.azurewebsites.net" User-Agent="AZURECLI/2.82.0 (DEB)" Accept-Encoding="gzip, deflate" Authorization="Bea..." x-ms-client-request-id="17a1d3d2-fc34-11f0-a095-7c1e52ccce68" X-ARR-LOG-ID="17a1d3d2-fc34-11f0-a095-7c1e52ccce68" CLIENT-IP="68.154.54.34:17604" X-SITE-DEPLOYMENT-ID="Birthday-Bot" WAS-DEFAULT-HOSTNAME="birthday-bot-c5a0fydvcmebeqag.scm.canadacentral-01.azurewebsites.net" X-Forwarded-Proto="https" X-AppService-Proto="https" X-Forwarded-TlsVersion="1.3" X-WAWS-Unencoded-URL="/api/deployments/latest" X-Client-IP="68.154.54.34" X-Client-Port="17604" >
  <step title="Cleanup Xml Logs" date="2026-01-28T10:28:59.482" >
    <step title="Cleanup Infos" date="2026-01-28T10:28:59.492" totalFiles="208" totalCleanup="48" /><!-- duration: 30ms -->
  </step><!-- duration: 49ms -->
  <step title="DeploymentService.GetResult" date="2026-01-28T10:28:59.553" >
    <step title="DeploymentService.GetLatestDeployment" date="2026-01-28T10:28:59.560" >
      <step title="DeploymentManager.GetResults" date="2026-01-28T10:28:59.571" /><!-- duration: 614ms -->
    </step><!-- duration: 631ms -->
  </step><!-- duration: 642ms -->
  <step title="Outgoing response" date="2026-01-28T10:29:00.199" type="response" statusCode="202" statusText="Accepted" /><!-- duration: 4ms -->
</step><!-- duration: 728ms -->
