<step title="BackgroundTrace" date="2026-01-28T10:28:35.545" instance="7b31da" url="/api/zipdeploy" method="POST" >
  <step title="Creating temporary deployment - FetchDeploymentManager" date="2026-01-28T10:28:35.604" /><!-- duration: 10ms -->
  <step title="Creating temporary deployment" date="2026-01-28T10:28:35.620" /><!-- duration: 148ms -->
  <step title="Performing fetch based deployment" date="2026-01-28T10:28:35.810" >
    <step title="Cleaning up temp folders from previous zip deployments and extracting pushed zip file /tmp/zipdeploy/927cef74-f493-43ec-9677-e7fd60a1a4ef.zip (19.61 MB) to /tmp/zipdeploy/extracted" date="2026-01-28T10:28:36.966" >
      <step title="ChmodRecursive Process exited with total time taken in ms: 279" date="2026-01-28T10:28:55.844" /><!-- duration: 10ms -->
    </step><!-- duration: 18892ms -->
    <step title="Deployment timer started" date="2026-01-28T10:28:57.867" >
      <step title="DeploymentManager.Deploy(id:1d56e8ce-b34d-4918-9e76-d6ec713859bf)" date="2026-01-28T10:28:57.873" >
        <step title="Collecting changeset information" date="2026-01-28T10:28:57.929" /><!-- duration: 106ms -->
        <step title="Updating submodules" date="2026-01-28T10:28:58.048" /><!-- duration: 1191ms -->
        <step title="Determining deployment builder" date="2026-01-28T10:28:59.531" >
          <step title="Builder is BasicBuilder" date="2026-01-28T10:28:59.550" /><!-- duration: 7ms -->
        </step><!-- duration: 35ms -->
        <step title="PreDeployment: context.CleanOutputPath False" date="2026-01-28T10:29:00.472" >
          <step title="PreDeployment: context.OutputPath /home/site/wwwroot" date="2026-01-28T10:29:00.926" >
            <step title="Building" date="2026-01-28T10:29:01.065" >
              <step title="Executing external process" date="2026-01-28T10:29:01.595" type="process" path="starter.sh" arguments="/opt/Kudu/Scripts/absoluteTar.sh /tmp/zipdeploy/extracted/node_modules /tmp/zipdeploy/extracted/node_modules.tar.gz" /><!-- duration: 1488ms -->
              <step title="Executing external process" date="2026-01-28T10:29:03.358" type="process" path="starter.sh" arguments="/opt/Kudu/Scripts/parallel_rsync.sh /tmp/zipdeploy/extracted /home/site/wwwroot 8 /tmp/ False True node_modules " >
                <step title="Process dump" date="2026-01-28T10:29:10.261" exitCode="123" type="processOutput" /><!-- duration: 7ms -->
              </step><!-- duration: 6916ms -->
              <step title="Error occurred" date="2026-01-28T10:29:10.286" type="error" text="rsync: [generator] recv_generator: failed to stat &quot;/home/site/wwwroot/src\index.js&quot;: Invalid argument (22)
rsync: [generator] recv_generator: failed to stat &quot;/home/site/wwwroot/src\services\NotificationService.js&quot;: Invalid argument (22)
rsync: [generator] recv_generator: failed to stat &quot;/home/site/wwwroot/src\commands\birthdays-coming.js&quot;: Invalid argument (22)
rsync: [generator] recv_generator: failed to stat &quot;/home/site/wwwroot/src\config.js&quot;: Invalid argument (22)
rsync: [generator] recv_generator: failed to stat &quot;/home/site/wwwroot/src\services\BirthdayService.js&quot;: Invalid argument (22)
rsync: [generator] recv_generator: failed to stat &quot;/home/site/wwwroot/src\services\SchedulerService.js&quot;: Invalid argument (22)
rsync: [generator] recv_generator: failed to stat &quot;/home/site/wwwroot/src\utils\dateUtils.js&quot;: Invalid argument (22)
rsync: [generator] recv_generator: failed to stat &quot;/home/site/wwwroot/src\commands\birthday-set.js&quot;: Invalid argument (22)
rsync: [generator] recv_generator: failed to stat &quot;/home/site/wwwroot/src\commands\birthday.js&quot;: Invalid argument (22)
rsync: [generator] recv_generator: failed to stat &quot;/home/site/wwwroot/src\deploy-commands.js&quot;: Invalid argument (22)
rsync: [generator] recv_generator: failed to stat &quot;/home/site/wwwroot/src\services\CosmosDBService.js&quot;: Invalid argument (22)
rsync error: some files/attrs were not transferred (see previous errors) (code 23) at main.c(1333) [sender=3.2.3]
rsync error: some files/attrs were not transferred (see previous errors) (code 23) at main.c(1333) [sender=3.2.3]
rsync: [generator] recv_generator: failed to stat &quot;/home/site/wwwroot/src\commands\birthdays-coming.js&quot;: Invalid argument (22)
rsync: [generator] recv_generator: failed to stat &quot;/home/site/wwwroot/src\config.js&quot;: Invalid argument (22)
rsync: [generator] recv_generator: failed to stat &quot;/home/site/wwwroot/src\services\BirthdayService.js&quot;: Invalid argument (22)
rsync: [generator] recv_generator: failed to stat &quot;/home/site/wwwroot/src\services\SchedulerService.js&quot;: Invalid argument (22)
rsync: [generator] recv_generator: failed to stat &quot;/home/site/wwwroot/src\utils\dateUtils.js&quot;: Invalid argument (22)
rsync: [generator] recv_generator: failed to stat &quot;/home/site/wwwroot/src\commands\birthday-set.js&quot;: Invalid argument (22)
rsync: [generator] recv_generator: failed to stat &quot;/home/site/wwwroot/src\commands\birthday.js&quot;: Invalid argument (22)
rsync: [generator] recv_generator: failed to stat &quot;/home/site/wwwroot/src\deploy-commands.js&quot;: Invalid argument (22)
rsync: [generator] recv_generator: failed to stat &quot;/home/site/wwwroot/src\services\CosmosDBService.js&quot;: Invalid argument (22)
rsync error: some files/attrs were not transferred (see previous errors) (code 23) at main.c(1333) [sender=3.2.3]
rsync error: some files/attrs were not transferred (see previous errors) (code 23) at main.c(1333) [sender=3.2.3]
rsync error: some files/attrs were not transferred (see previous errors) (code 23) at main.c(1333) [sender=3.2.3]
rsync: [generator] recv_generator: failed to stat &quot;/home/site/wwwroot/src\services\NotificationService.js&quot;: Invalid argument (22)
rsync error: some files/attrs were not transferred (see previous errors) (code 23) at main.c(1333) [sender=3.2.3]
rsync error: some files/attrs were not transferred (see previous errors) (code 23) at main.c(1333) [sender=3.2.3]
rsync: [generator] recv_generator: failed to stat &quot;/home/site/wwwroot/src\index.js&quot;: Invalid argument (22)
rsync error: some files/attrs were not transferred (see previous errors) (code 23) at main.c(1333) [sender=3.2.3]
/opt/Kudu/Scripts/starter.sh /opt/Kudu/Scripts/parallel_rsync.sh /tmp/zipdeploy/extracted /home/site/wwwroot 8 /tmp/ False True node_modules " stackTrace="   at Kudu.Core.Infrastructure.Executable.ExecuteInternal(ITracer tracer, Func`2 onWriteOutput, Func`2 onWriteError, CancellationToken token, Encoding encoding, String arguments, Object[] args) in /tmp/KuduLite/Kudu.Core/Infrastructure/Executable.cs:line 239
   at Kudu.Core.Infrastructure.Executable.ExecuteWithProgressWriter(ILogger logger, ITracer tracer, CancellationToken token, String arguments, Object[] args) in /tmp/KuduLite/Kudu.Core/Infrastructure/Executable.cs:line 118
   at Kudu.Core.Deployment.Generator.ExternalCommandBuilder.RunCommand(DeploymentContext context, String command, Boolean ignoreManifest, CancellationToken token, String message) in /tmp/KuduLite/Kudu.Core/Deployment/Generator/ExternalCommandBuilder.cs:line 122" /><!-- duration: 4ms -->
              <step title="Executing external process" date="2026-01-28T10:29:10.693" type="process" path="starter.sh" arguments="/opt/Kudu/Scripts/parallel_rsync.sh /tmp/zipdeploy/extracted /home/site/wwwroot 8 /tmp/ False True  " >
                <step title="Cpu: rsync(923,0.540s)+rsync(901,0.310s)+rsync(900,0.410s)+bash(898,0.000s)+rsync(922,0.560s)+rsync(904,0.250s)+rsync(903,0.440s)+bash(899,0.000s)+rsync(924,0.580s)+rsync(909,0.320s)+rsync(906,0.540s)+bash(902,0.000s)+rsync(925,0.570s)+rsync(910,0.320s)+rsync(908,0.560s)+bash(905,0.000s)+rsync(929,0.570s)+rsync(913,0.340s)+rsync(912,0.590s)+bash(907,0.000s)+rsync(927,0.550s)+rsync(916,0.340s)+rsync(915,0.570s)+bash(911,0.000s)+rsync(926,0.570s)+rsync(919,0.350s)+rsync(918,0.480s)+bash(914,0.000s)+rsync(928,0.620s)+rsync(921,0.330s)+rsync(920,0.530s)+bash(917,0.000s)+xargs(897,0.000s)+parallel_rsync.sh(887,0.010s)=total(11.250s)" date="2026-01-28T10:30:13.758" /><!-- duration: 26ms -->
                <step title="starter.sh: no io activity for 60s, prev-cpu=-1.000s, current-cpu=11.250s" date="2026-01-28T10:30:13.791" /><!-- duration: 6ms -->
                <step title="Cpu: rsync(923,0.930s)+rsync(901,0.310s)+rsync(900,0.410s)+bash(898,0.000s)+rsync(922,1.040s)+rsync(904,0.250s)+rsync(903,0.470s)+bash(899,0.000s)+rsync(924,1.070s)+rsync(909,0.320s)+rsync(906,0.580s)+bash(902,0.000s)+rsync(925,1.080s)+rsync(910,0.320s)+rsync(908,0.620s)+bash(905,0.000s)+rsync(929,1.050s)+rsync(913,0.340s)+rsync(912,0.630s)+bash(907,0.000s)+rsync(927,1.030s)+rsync(916,0.340s)+rsync(915,0.600s)+bash(911,0.000s)+rsync(926,1.110s)+rsync(919,0.350s)+rsync(918,0.520s)+bash(914,0.000s)+rsync(928,1.150s)+rsync(921,0.330s)+rsync(920,0.540s)+bash(917,0.000s)+xargs(897,0.000s)+parallel_rsync.sh(887,0.010s)=total(15.400s)" date="2026-01-28T10:31:13.837" /><!-- duration: 31ms -->
                <step title="starter.sh: no io activity for 121s, prev-cpu=11.250s, current-cpu=15.400s" date="2026-01-28T10:31:13.879" /><!-- duration: 8ms -->
                <step title="Process dump" date="2026-01-28T10:32:00.640" exitCode="123" type="processOutput" /><!-- duration: 6ms -->
              </step><!-- duration: 169957ms -->
              <step title="Error occurred" date="2026-01-28T10:32:00.662" type="error" text="rsync: [generator] recv_generator: failed to stat &quot;/home/site/wwwroot/src\index.js&quot;: Invalid argument (22)
rsync: [generator] recv_generator: failed to stat &quot;/home/site/wwwroot/src\services\NotificationService.js&quot;: Invalid argument (22)
rsync: [generator] recv_generator: failed to stat &quot;/home/site/wwwroot/src\commands\birthday-set.js&quot;: Invalid argument (22)
rsync: [generator] recv_generator: failed to stat &quot;/home/site/wwwroot/src\commands\birthday.js&quot;: Invalid argument (22)
rsync: [generator] recv_generator: failed to stat &quot;/home/site/wwwroot/src\commands\birthdays-coming.js&quot;: Invalid argument (22)
rsync: [generator] recv_generator: failed to stat &quot;/home/site/wwwroot/src\config.js&quot;: Invalid argument (22)
rsync: [generator] recv_generator: failed to stat &quot;/home/site/wwwroot/src\deploy-commands.js&quot;: Invalid argument (22)
rsync: [generator] recv_generator: failed to stat &quot;/home/site/wwwroot/src\services\BirthdayService.js&quot;: Invalid argument (22)
rsync: [generator] recv_generator: failed to stat &quot;/home/site/wwwroot/src\services\CosmosDBService.js&quot;: Invalid argument (22)
rsync: [generator] recv_generator: failed to stat &quot;/home/site/wwwroot/src\services\SchedulerService.js&quot;: Invalid argument (22)
rsync: [generator] recv_generator: failed to stat &quot;/home/site/wwwroot/src\utils\dateUtils.js&quot;: Invalid argument (22)
rsync error: some files/attrs were not transferred (see previous errors) (code 23) at main.c(1333) [sender=3.2.3]
rsync: [generator] recv_generator: failed to stat &quot;/home/site/wwwroot/src\index.js&quot;: Invalid argument (22)
rsync: [generator] recv_generator: failed to stat &quot;/home/site/wwwroot/src\services\NotificationService.js&quot;: Invalid argument (22)
rsync error: some files/attrs were not transferred (see previous errors) (code 23) at main.c(1333) [sender=3.2.3]
rsync: [generator] recv_generator: failed to stat &quot;/home/site/wwwroot/src\commands\birthday-set.js&quot;: Invalid argument (22)
rsync: [generator] recv_generator: failed to stat &quot;/home/site/wwwroot/src\commands\birthday.js&quot;: Invalid argument (22)
rsync: [generator] recv_generator: failed to stat &quot;/home/site/wwwroot/src\commands\birthdays-coming.js&quot;: Invalid argument (22)
rsync: [generator] recv_generator: failed to stat &quot;/home/site/wwwroot/src\config.js&quot;: Invalid argument (22)
rsync: [generator] recv_generator: failed to stat &quot;/home/site/wwwroot/src\deploy-commands.js&quot;: Invalid argument (22)
rsync: [generator] recv_generator: failed to stat &quot;/home/site/wwwroot/src\services\BirthdayService.js&quot;: Invalid argument (22)
rsync: [generator] recv_generator: failed to stat &quot;/home/site/wwwroot/src\services\CosmosDBService.js&quot;: Invalid argument (22)
rsync: [generator] recv_generator: failed to stat &quot;/home/site/wwwroot/src\services\SchedulerService.js&quot;: Invalid argument (22)
rsync: [generator] recv_generator: failed to stat &quot;/home/site/wwwroot/src\utils\dateUtils.js&quot;: Invalid argument (22)
rsync error: some files/attrs were not transferred (see previous errors) (code 23) at main.c(1333) [sender=3.2.3]
rsync error: some files/attrs were not transferred (see previous errors) (code 23) at main.c(1333) [sender=3.2.3]
/opt/Kudu/Scripts/starter.sh /opt/Kudu/Scripts/parallel_rsync.sh /tmp/zipdeploy/extracted /home/site/wwwroot 8 /tmp/ False True  " stackTrace="   at Kudu.Core.Infrastructure.Executable.ExecuteInternal(ITracer tracer, Func`2 onWriteOutput, Func`2 onWriteError, CancellationToken token, Encoding encoding, String arguments, Object[] args) in /tmp/KuduLite/Kudu.Core/Infrastructure/Executable.cs:line 239
   at Kudu.Core.Infrastructure.Executable.ExecuteWithProgressWriter(ILogger logger, ITracer tracer, CancellationToken token, String arguments, Object[] args) in /tmp/KuduLite/Kudu.Core/Infrastructure/Executable.cs:line 118
   at Kudu.Core.Deployment.Generator.ExternalCommandBuilder.RunCommand(DeploymentContext context, String command, Boolean ignoreManifest, CancellationToken token, String message) in /tmp/KuduLite/Kudu.Core/Deployment/Generator/ExternalCommandBuilder.cs:line 122" /><!-- duration: 14ms -->
              <step title="Warning" date="2026-01-28T10:32:00.682" type="warning" text="Exception in parallel rsync: ExitCode: 123, Output: Run rsync from: /tmp/zipdeploy/extracted/ to: /home/site/wwwroot/ in 8 parallel threads
Delete options: clean=False, use manifest=True, directory to ignore=
Prev manifest = /home/site/deployments/4b777b60-84f3-4de6-b208-36a2252d03be/manifest and next /home/site/deployments/1d56e8ce-b34d-4918-9e76-d6ec713859bf/manifest
Cleaning up /tmp//filelist.txt and /tmp//splits
Creating a list of all files at /tmp//filelist.txt
No directory to exclude.
Created /tmp//filelist.txt. Total number of files to be synced = 11585.
Created batches from the list of files. Processing 1449 files in each thread
Running rsync for filelist /tmp//splits/split.aa from /tmp/zipdeploy/extracted/ to /home/site/wwwroot/
Running rsync for filelist /tmp//splits/split.ab from /tmp/zipdeploy/extracted/ to /home/site/wwwroot/
Running rsync for filelist /tmp//splits/split.ac from /tmp/zipdeploy/extracted/ to /home/site/wwwroot/
Running rsync for filelist /tmp//splits/split.ad from /tmp/zipdeploy/extracted/ to /home/site/wwwroot/
Running rsync for filelist /tmp//splits/split.ae from /tmp/zipdeploy/extracted/ to /home/site/wwwroot/
Running rsync for filelist /tmp//splits/split.af from /tmp/zipdeploy/extracted/ to /home/site/wwwroot/
Running rsync for filelist /tmp//splits/split.ag from /tmp/zipdeploy/extracted/ to /home/site/wwwroot/
Running rsync for filelist /tmp//splits/split.ah from /tmp/zipdeploy/extracted/ to /home/site/wwwroot/

Number of files: 1,574 (reg: 1,449, dir: 125)
Number of created files: 0
Number of deleted files: 0
Number of regular files transferred: 1,225
Total file size: 65.30M bytes
Total transferred file size: 8.02M bytes
Literal data: 8.02M bytes
Matched data: 0 bytes
File list size: 0
File list generation time: 1.696 seconds
File list transfer time: 0.000 seconds
Total bytes sent: 1.07M
Total bytes received: 24.30K

sent 1.07M bytes  received 24.30K bytes  7.44K bytes/sec
total size is 65.30M  speedup is 59.51
Attempt 1: Rsync for filelist /tmp//splits/split.aa completed with exit code 23

Number of files: 1,595 (reg: 1,442, dir: 153)
Number of created files: 0
Number of deleted files: 0
Number of regular files transferred: 1,376
Total file size: 20.07M bytes
Total transferred file size: 7.16M bytes
Literal data: 7.16M bytes
Matched data: 0 bytes
File list size: 0
File list generation time: 2.004 seconds
File list transfer time: 0.000 seconds
Total bytes sent: 1.05M
Total bytes received: 26.76K

sent 1.05M bytes  received 26.76K bytes  7.20K bytes/sec
total size is 20.07M  speedup is 18.65
Attempt 1: Rsync for filelist /tmp//splits/split.ah completed with exit code 23

Number of files: 1,574 (reg: 1,449, dir: 125)
Number of created files: 0
Number of deleted files: 0
Number of regular files transferred: 0
Total file size: 65.30M bytes
Total transferred file size: 0 bytes
Literal data: 0 bytes
Matched data: 0 bytes
File list size: 0
File list generation time: 0.320 seconds
File list transfer time: 0.000 seconds
Total bytes sent: 46.54K
Total bytes received: 4.70K

sent 46.54K bytes  received 4.70K bytes  11.39K bytes/sec
total size is 65.30M  speedup is 1,274.35
Attempt 2: Rsync for filelist /tmp//splits/split.aa completed with exit code 23

Number of files: 1,595 (reg: 1,442, dir: 153)
Number of created files: 0
Number of deleted files: 0
Number of regular files transferred: 0
Total file size: 20.07M bytes
Total transferred file size: 0 bytes
Literal data: 0 bytes
Matched data: 0 bytes
File list size: 0
File list generation time: 0.426 seconds
File list transfer time: 0.000 seconds
Total bytes sent: 43.39K
Total bytes received: 4.75K

sent 43.39K bytes  received 4.75K bytes  8.75K bytes/sec
total size is 20.07M  speedup is 416.99
Attempt 2: Rsync for filelist /tmp//splits/split.ah completed with exit code 23

Number of files: 1,596 (reg: 1,449, dir: 147)
Number of created files: 0
Number of deleted files: 0
Number of regular files transferred: 1,449
Total file size: 7.66M bytes
Total transferred file size: 7.66M bytes
Literal data: 7.66M bytes
Matched data: 0 bytes
File list size: 0
File list generation time: 1.925 seconds
File list transfer time: 0.000 seconds
Total bytes sent: 816.53K
Total bytes received: 27.92K

sent 816.53K bytes  received 27.92K bytes  5.33K bytes/sec
total size is 7.66M  speedup is 9.07
Attempt 1: Rsync for filelist /tmp//splits/split.ag completed with exit code 0

Number of files: 1,524 (reg: 1,449, dir: 75)
Number of created files: 0
Number of deleted files: 0
Number of regular files transferred: 1,449
Total file size: 3.74M bytes
Total transferred file size: 3.74M bytes
Literal data: 3.74M bytes
Matched data: 0 bytes
File list size: 0
File list generation time: 2.058 seconds
File list transfer time: 0.000 seconds
Total bytes sent: 607.46K
Total bytes received: 27.76K

sent 607.46K bytes  received 27.76K bytes  3.86K bytes/sec
total size is 3.74M  speedup is 5.88
Attempt 1: Rsync for filelist /tmp//splits/split.ac completed with exit code 0

Number of files: 1,509 (reg: 1,449, dir: 60)
Number of created files: 0
Number of deleted files: 0
Number of regular files transferred: 1,449
Total file size: 3.99M bytes
Total transferred file size: 3.99M bytes
Literal data: 3.99M bytes
Matched data: 0 bytes
File list size: 0
File list generation time: 1.380 seconds
File list transfer time: 0.000 seconds
Total bytes sent: 626.85K
Total bytes received: 27.71K

sent 626.85K bytes  received 27.71K bytes  3.93K bytes/sec
total size is 3.99M  speedup is 6.10
Attempt 1: Rsync for filelist /tmp//splits/split.ab completed with exit code 0

Number of files: 1,505 (reg: 1,449, dir: 56)
Number of created files: 0
Number of deleted files: 0
Number of regular files transferred: 1,449
Total file size: 3.65M bytes
Total transferred file size: 3.65M bytes
Literal data: 3.65M bytes
Matched data: 0 bytes
File list size: 0
File list generation time: 2.064 seconds
File list transfer time: 0.000 seconds
Total bytes sent: 715.95K
Total bytes received: 27.73K

sent 715.95K bytes  received 27.73K bytes  4.41K bytes/sec
total size is 3.65M  speedup is 4.91
Attempt 1: Rsync for filelist /tmp//splits/split.ad completed with exit code 0

Number of files: 1,504 (reg: 1,449, dir: 55)
Number of created files: 0
Number of deleted files: 0
Number of regular files transferred: 1,449
Total file size: 3.69M bytes
Total transferred file size: 3.69M bytes
Literal data: 3.69M bytes
Matched data: 0 bytes
File list size: 0
File list generation time: 2.231 seconds
File list transfer time: 0.000 seconds
Total bytes sent: 654.60K
Total bytes received: 27.73K

sent 654.60K bytes  received 27.73K bytes  4.05K bytes/sec
total size is 3.69M  speedup is 5.41
Attempt 1: Rsync for filelist /tmp//splits/split.ae completed with exit code 0

Number of files: 1,536 (reg: 1,449, dir: 87)
Number of created files: 0
Number of deleted files: 0
Number of regular files transferred: 1,449
Total file size: 3.08M bytes
Total transferred file size: 3.08M bytes
Literal data: 3.08M bytes
Matched data: 0 bytes
File list size: 0
File list generation time: 2.097 seconds
File list transfer time: 0.000 seconds
Total bytes sent: 574.23K
Total bytes received: 27.79K

sent 574.23K bytes  received 27.79K bytes  3.55K bytes/sec
total size is 3.08M  speedup is 5.11
Attempt 1: Rsync for filelist /tmp//splits/split.af completed with exit code 0
An error has occurred during web site deployment.
Rsync failed in 170 seconds, Error: rsync: [generator] recv_generator: failed to stat &quot;/home/site/wwwroot/src\index.js&quot;: Invalid argument (22)
rsync: [generator] recv_generator: failed to stat &quot;/home/site/wwwroot/src\services\NotificationService.js&quot;: Invalid argument (22)
rsync: [generator] recv_generator: failed to stat &quot;/home/site/wwwroot/src\commands\birthday-set.js&quot;: Invalid argument (22)
rsync: [generator] recv_generator: failed to stat &quot;/home/site/wwwroot/src\commands\birthday.js&quot;: Invalid argument (22)
rsync: [generator] recv_generator: failed to stat &quot;/home/site/wwwroot/src\commands\birthdays-coming.js&quot;: Invalid argument (22)
rsync: [generator] recv_generator: failed to stat &quot;/home/site/wwwroot/src\config.js&quot;: Invalid argument (22)
rsync: [generator] recv_generator: failed to stat &quot;/home/site/wwwroot/src\deploy-commands.js&quot;: Invalid argument (22)
rsync: [generator] recv_generator: failed to stat &quot;/home/site/wwwroot/src\services\BirthdayService.js&quot;: Invalid argument (22)
rsync: [generator] recv_generator: failed to stat &quot;/home/site/wwwroot/src\services\CosmosDBService.js&quot;: Invalid argument (22)
rsync: [generator] recv_generator: failed to stat &quot;/home/site/wwwroot/src\services\SchedulerService.js&quot;: Invalid argument (22)
rsync: [generator] recv_generator: failed to stat &quot;/home/site/wwwroot/src\utils\dateUtils.js&quot;: Invalid argument (22)
rsync error: some files/attrs were not transferred (see previous errors) (code 23) at main.c(1333) [sender=3.2.3]
rsync: [generator] recv_generator: failed to stat &quot;/home/site/wwwroot/src\index.js&quot;: Invalid argument (22)
rsync: [generator] recv_generator: failed to stat &quot;/home/site/wwwroot/src\services\NotificationService.js&quot;: Invalid argument (22)
rsync error: some files/attrs were not transferred (see previous errors) (code 23) at main.c(1333) [sender=3.2.3]
rsync: [generator] recv_generator: failed to stat &quot;/home/site/wwwroot/src\commands\birthday-set.js&quot;: Invalid argument (22)
rsync: [generator] recv_generator: failed to stat &quot;/home/site/wwwroot/src\commands\birthday.js&quot;: Invalid argument (22)
rsync: [generator] recv_generator: failed to stat &quot;/home/site/wwwroot/src\commands\birthdays-coming.js&quot;: Invalid argument (22)
rsync: [generator] recv_generator: failed to stat &quot;/home/site/wwwroot/src\config.js&quot;: Invalid argument (22)
rsync: [generator] recv_generator: failed to stat &quot;/home/site/wwwroot/src\deploy-commands.js&quot;: Invalid argument (22)
rsync: [generator] recv_generator: failed to stat &quot;/home/site/wwwroot/src\services\BirthdayService.js&quot;: Invalid argument (22)
rsync: [generator] recv_generator: failed to stat &quot;/home/site/wwwroot/src\services\CosmosDBService.js&quot;: Invalid argument (22)
rsync: [generator] recv_generator: failed to stat &quot;/home/site/wwwroot/src\services\SchedulerService.js&quot;: Invalid argument (22)
rsync: [generator] recv_generator: failed to stat &quot;/home/site/wwwroot/src\utils\dateUtils.js&quot;: Invalid argument (22)
rsync error: some files/attrs were not transferred (see previous errors) (code 23) at main.c(1333) [sender=3.2.3]
rsync error: some files/attrs were not transferred (see previous errors) (code 23) at main.c(1333) [sender=3.2.3], Kudu.Core.Infrastructure.CommandLineException: rsync: [generator] recv_generator: failed to stat &quot;/home/site/wwwroot/src\index.js&quot;: Invalid argument (22)
rsync: [generator] recv_generator: failed to stat &quot;/home/site/wwwroot/src\services\NotificationService.js&quot;: Invalid argument (22)
rsync: [generator] recv_generator: failed to stat &quot;/home/site/wwwroot/src\commands\birthday-set.js&quot;: Invalid argument (22)
rsync: [generator] recv_generator: failed to stat &quot;/home/site/wwwroot/src\commands\birthday.js&quot;: Invalid argument (22)
rsync: [generator] recv_generator: failed to stat &quot;/home/site/wwwroot/src\commands\birthdays-coming.js&quot;: Invalid argument (22)
rsync: [generator] recv_generator: failed to stat &quot;/home/site/wwwroot/src\config.js&quot;: Invalid argument (22)
rsync: [generator] recv_generator: failed to stat &quot;/home/site/wwwroot/src\deploy-commands.js&quot;: Invalid argument (22)
rsync: [generator] recv_generator: failed to stat &quot;/home/site/wwwroot/src\services\BirthdayService.js&quot;: Invalid argument (22)
rsync: [generator] recv_generator: failed to stat &quot;/home/site/wwwroot/src\services\CosmosDBService.js&quot;: Invalid argument (22)
rsync: [generator] recv_generator: failed to stat &quot;/home/site/wwwroot/src\services\SchedulerService.js&quot;: Invalid argument (22)
rsync: [generator] recv_generator: failed to stat &quot;/home/site/wwwroot/src\utils\dateUtils.js&quot;: Invalid argument (22)
rsync error: some files/attrs were not transferred (see previous errors) (code 23) at main.c(1333) [sender=3.2.3]
rsync: [generator] recv_generator: failed to stat &quot;/home/site/wwwroot/src\index.js&quot;: Invalid argument (22)
rsync: [generator] recv_generator: failed to stat &quot;/home/site/wwwroot/src\services\NotificationService.js&quot;: Invalid argument (22)
rsync error: some files/attrs were not transferred (see previous errors) (code 23) at main.c(1333) [sender=3.2.3]
rsync: [generator] recv_generator: failed to stat &quot;/home/site/wwwroot/src\commands\birthday-set.js&quot;: Invalid argument (22)
rsync: [generator] recv_generator: failed to stat &quot;/home/site/wwwroot/src\commands\birthday.js&quot;: Invalid argument (22)
rsync: [generator] recv_generator: failed to stat &quot;/home/site/wwwroot/src\commands\birthdays-coming.js&quot;: Invalid argument (22)
rsync: [generator] recv_generator: failed to stat &quot;/home/site/wwwroot/src\config.js&quot;: Invalid argument (22)
rsync: [generator] recv_generator: failed to stat &quot;/home/site/wwwroot/src\deploy-commands.js&quot;: Invalid argument (22)
rsync: [generator] recv_generator: failed to stat &quot;/home/site/wwwroot/src\services\BirthdayService.js&quot;: Invalid argument (22)
rsync: [generator] recv_generator: failed to stat &quot;/home/site/wwwroot/src\services\CosmosDBService.js&quot;: Invalid argument (22)
rsync: [generator] recv_generator: failed to stat &quot;/home/site/wwwroot/src\services\SchedulerService.js&quot;: Invalid argument (22)
rsync: [generator] recv_generator: failed to stat &quot;/home/site/wwwroot/src\utils\dateUtils.js&quot;: Invalid argument (22)
rsync error: some files/attrs were not transferred (see previous errors) (code 23) at main.c(1333) [sender=3.2.3]
rsync error: some files/attrs were not transferred (see previous errors) (code 23) at main.c(1333) [sender=3.2.3]
/opt/Kudu/Scripts/starter.sh /opt/Kudu/Scripts/parallel_rsync.sh /tmp/zipdeploy/extracted /home/site/wwwroot 8 /tmp/ False True  
   at Kudu.Core.Infrastructure.Executable.ExecuteInternal(ITracer tracer, Func`2 onWriteOutput, Func`2 onWriteError, CancellationToken token, Encoding encoding, String arguments, Object[] args) in /tmp/KuduLite/Kudu.Core/Infrastructure/Executable.cs:line 239
   at Kudu.Core.Infrastructure.Executable.ExecuteWithProgressWriter(ILogger logger, ITracer tracer, CancellationToken token, String arguments, Object[] args) in /tmp/KuduLite/Kudu.Core/Infrastructure/Executable.cs:line 118
   at Kudu.Core.Deployment.Generator.ExternalCommandBuilder.RunCommand(DeploymentContext context, String command, Boolean ignoreManifest, CancellationToken token, String message) in /tmp/KuduLite/Kudu.Core/Deployment/Generator/ExternalCommandBuilder.cs:line 122
   at Kudu.Core.Deployment.Generator.GeneratorSiteBuilder.Build(DeploymentContext context, CancellationToken token) in /tmp/KuduLite/Kudu.Core/Deployment/Generator/GeneratorSiteBuilder.cs:line 70" /><!-- duration: 4ms -->
              <step title="Generating deployment script" date="2026-01-28T10:32:00.727" >
                <step title="Executing external process" date="2026-01-28T10:32:00.767" type="process" path="starter.sh" arguments="&quot;/opt/Kudu/node_modules/.bin/kuduscript&quot; -y --no-dot-deployment -r &quot;/tmp/zipdeploy/extracted&quot; -o &quot;/home/site/deployments/tools&quot; --basic --sitePath &quot;/tmp/zipdeploy/extracted&quot;" /><!-- duration: 272ms -->
                <step title="Saved cached version of the deployment script for command -y --no-dot-deployment -r &quot;/tmp/zipdeploy/extracted&quot; -o &quot;/home/site/deployments/tools&quot; --basic --sitePath &quot;/tmp/zipdeploy/extracted&quot;" date="2026-01-28T10:32:01.099" /><!-- duration: 3ms -->
              </step><!-- duration: 380ms -->
              <step title="Executing external process" date="2026-01-28T10:32:01.222" type="process" path="starter.sh" arguments="&quot;/home/site/deployments/tools/deploy.sh&quot;" >
                <step title="Process dump" date="2026-01-28T10:32:01.438" exitCode="1" type="processOutput" /><!-- duration: 4ms -->
              </step><!-- duration: 225ms -->
              <step title="Error occurred" date="2026-01-28T10:32:01.461" type="error" text="
/opt/Kudu/Scripts/starter.sh &quot;/home/site/deployments/tools/deploy.sh&quot;" stackTrace="   at Kudu.Core.Infrastructure.Executable.ExecuteInternal(ITracer tracer, Func`2 onWriteOutput, Func`2 onWriteError, CancellationToken token, Encoding encoding, String arguments, Object[] args) in /tmp/KuduLite/Kudu.Core/Infrastructure/Executable.cs:line 239
   at Kudu.Core.Infrastructure.Executable.ExecuteWithProgressWriter(ILogger logger, ITracer tracer, CancellationToken token, String arguments, Object[] args) in /tmp/KuduLite/Kudu.Core/Infrastructure/Executable.cs:line 118
   at Kudu.Core.Deployment.Generator.ExternalCommandBuilder.RunCommand(DeploymentContext context, String command, Boolean ignoreManifest, CancellationToken token, String message) in /tmp/KuduLite/Kudu.Core/Deployment/Generator/ExternalCommandBuilder.cs:line 122" /><!-- duration: 6ms -->
              <step title="Error occurred" date="2026-01-28T10:32:01.472" type="error" text="
/opt/Kudu/Scripts/starter.sh &quot;/home/site/deployments/tools/deploy.sh&quot;" stackTrace="   at Kudu.Core.Infrastructure.Executable.ExecuteInternal(ITracer tracer, Func`2 onWriteOutput, Func`2 onWriteError, CancellationToken token, Encoding encoding, String arguments, Object[] args) in /tmp/KuduLite/Kudu.Core/Infrastructure/Executable.cs:line 239
   at Kudu.Core.Infrastructure.Executable.ExecuteWithProgressWriter(ILogger logger, ITracer tracer, CancellationToken token, String arguments, Object[] args) in /tmp/KuduLite/Kudu.Core/Infrastructure/Executable.cs:line 118
   at Kudu.Core.Deployment.Generator.ExternalCommandBuilder.RunCommand(DeploymentContext context, String command, Boolean ignoreManifest, CancellationToken token, String message) in /tmp/KuduLite/Kudu.Core/Deployment/Generator/ExternalCommandBuilder.cs:line 122
   at Kudu.Core.Deployment.Generator.GeneratorSiteBuilder.Build(DeploymentContext context, CancellationToken token) in /tmp/KuduLite/Kudu.Core/Deployment/Generator/GeneratorSiteBuilder.cs:line 96
--- End of stack trace from previous location ---
   at Kudu.Core.Deployment.DeploymentManager.Build(ChangeSet changeSet, ITracer tracer, IDisposable deployStep, IRepository repository, DeploymentInfoBase deploymentInfo, DeploymentAnalytics deploymentAnalytics, Boolean fullBuildByDefault, CancellationToken cancellationToken) in /tmp/KuduLite/Kudu.Core/Deployment/DeploymentManager.cs:line 771" /><!-- duration: 4ms -->
            </step><!-- duration: 181137ms -->
          </step><!-- duration: 181283ms -->
          <step title="Error occurred" date="2026-01-28T10:32:02.215" type="error" text="
/opt/Kudu/Scripts/starter.sh &quot;/home/site/deployments/tools/deploy.sh&quot;" stackTrace="   at Kudu.Core.Infrastructure.Executable.ExecuteInternal(ITracer tracer, Func`2 onWriteOutput, Func`2 onWriteError, CancellationToken token, Encoding encoding, String arguments, Object[] args) in /tmp/KuduLite/Kudu.Core/Infrastructure/Executable.cs:line 239
   at Kudu.Core.Infrastructure.Executable.ExecuteWithProgressWriter(ILogger logger, ITracer tracer, CancellationToken token, String arguments, Object[] args) in /tmp/KuduLite/Kudu.Core/Infrastructure/Executable.cs:line 118
   at Kudu.Core.Deployment.Generator.ExternalCommandBuilder.RunCommand(DeploymentContext context, String command, Boolean ignoreManifest, CancellationToken token, String message) in /tmp/KuduLite/Kudu.Core/Deployment/Generator/ExternalCommandBuilder.cs:line 122
   at Kudu.Core.Deployment.Generator.GeneratorSiteBuilder.Build(DeploymentContext context, CancellationToken token) in /tmp/KuduLite/Kudu.Core/Deployment/Generator/GeneratorSiteBuilder.cs:line 96
--- End of stack trace from previous location ---
   at Kudu.Core.Deployment.DeploymentManager.Build(ChangeSet changeSet, ITracer tracer, IDisposable deployStep, IRepository repository, DeploymentInfoBase deploymentInfo, DeploymentAnalytics deploymentAnalytics, Boolean fullBuildByDefault, CancellationToken cancellationToken) in /tmp/KuduLite/Kudu.Core/Deployment/DeploymentManager.cs:line 771
   at Kudu.Core.Deployment.DeploymentManager.Build(ChangeSet changeSet, ITracer tracer, IDisposable deployStep, IRepository repository, DeploymentInfoBase deploymentInfo, DeploymentAnalytics deploymentAnalytics, Boolean fullBuildByDefault, CancellationToken cancellationToken) in /tmp/KuduLite/Kudu.Core/Deployment/DeploymentManager.cs:line 840" /><!-- duration: 6ms -->
          <step title="Cleaning up temp files" date="2026-01-28T10:32:02.280" /><!-- duration: 28ms -->
          <step title="Cleaning up temp files" date="2026-01-28T10:32:02.325" /><!-- duration: 538ms -->
          <step title="Error occurred" date="2026-01-28T10:32:02.908" type="error" text="
/opt/Kudu/Scripts/starter.sh &quot;/home/site/deployments/tools/deploy.sh&quot;" stackTrace="   at Kudu.Core.Infrastructure.Executable.ExecuteInternal(ITracer tracer, Func`2 onWriteOutput, Func`2 onWriteError, CancellationToken token, Encoding encoding, String arguments, Object[] args) in /tmp/KuduLite/Kudu.Core/Infrastructure/Executable.cs:line 239
   at Kudu.Core.Infrastructure.Executable.ExecuteWithProgressWriter(ILogger logger, ITracer tracer, CancellationToken token, String arguments, Object[] args) in /tmp/KuduLite/Kudu.Core/Infrastructure/Executable.cs:line 118
   at Kudu.Core.Deployment.Generator.ExternalCommandBuilder.RunCommand(DeploymentContext context, String command, Boolean ignoreManifest, CancellationToken token, String message) in /tmp/KuduLite/Kudu.Core/Deployment/Generator/ExternalCommandBuilder.cs:line 122
   at Kudu.Core.Deployment.Generator.GeneratorSiteBuilder.Build(DeploymentContext context, CancellationToken token) in /tmp/KuduLite/Kudu.Core/Deployment/Generator/GeneratorSiteBuilder.cs:line 96
--- End of stack trace from previous location ---
   at Kudu.Core.Deployment.DeploymentManager.Build(ChangeSet changeSet, ITracer tracer, IDisposable deployStep, IRepository repository, DeploymentInfoBase deploymentInfo, DeploymentAnalytics deploymentAnalytics, Boolean fullBuildByDefault, CancellationToken cancellationToken) in /tmp/KuduLite/Kudu.Core/Deployment/DeploymentManager.cs:line 771
   at Kudu.Core.Deployment.DeploymentManager.Build(ChangeSet changeSet, ITracer tracer, IDisposable deployStep, IRepository repository, DeploymentInfoBase deploymentInfo, DeploymentAnalytics deploymentAnalytics, Boolean fullBuildByDefault, CancellationToken cancellationToken) in /tmp/KuduLite/Kudu.Core/Deployment/DeploymentManager.cs:line 840
   at Kudu.Core.Deployment.DeploymentManager.DeployAsync(IRepository repository, ChangeSet changeSet, String deployer, Boolean clean, DeploymentInfoBase deploymentInfo, Boolean needFileUpdate, Boolean fullBuildByDefault) in /tmp/KuduLite/Kudu.Core/Deployment/DeploymentManager.cs:line 266" /><!-- duration: 5ms -->
        </step><!-- duration: 182445ms -->
        <step title="Reloading status file with latest updates" date="2026-01-28T10:32:02.967" >
          <step title="WebHooksManager.PublishEventAsync: PostDeployment" date="2026-01-28T10:32:02.972" /><!-- duration: 42ms -->
        </step><!-- duration: 50ms -->
        <step title="Error occurred" date="2026-01-28T10:32:03.021" type="error" text="
/opt/Kudu/Scripts/starter.sh &quot;/home/site/deployments/tools/deploy.sh&quot;" stackTrace="   at Kudu.Core.Infrastructure.Executable.ExecuteInternal(ITracer tracer, Func`2 onWriteOutput, Func`2 onWriteError, CancellationToken token, Encoding encoding, String arguments, Object[] args) in /tmp/KuduLite/Kudu.Core/Infrastructure/Executable.cs:line 239
   at Kudu.Core.Infrastructure.Executable.ExecuteWithProgressWriter(ILogger logger, ITracer tracer, CancellationToken token, String arguments, Object[] args) in /tmp/KuduLite/Kudu.Core/Infrastructure/Executable.cs:line 118
   at Kudu.Core.Deployment.Generator.ExternalCommandBuilder.RunCommand(DeploymentContext context, String command, Boolean ignoreManifest, CancellationToken token, String message) in /tmp/KuduLite/Kudu.Core/Deployment/Generator/ExternalCommandBuilder.cs:line 122
   at Kudu.Core.Deployment.Generator.GeneratorSiteBuilder.Build(DeploymentContext context, CancellationToken token) in /tmp/KuduLite/Kudu.Core/Deployment/Generator/GeneratorSiteBuilder.cs:line 96
--- End of stack trace from previous location ---
   at Kudu.Core.Deployment.DeploymentManager.Build(ChangeSet changeSet, ITracer tracer, IDisposable deployStep, IRepository repository, DeploymentInfoBase deploymentInfo, DeploymentAnalytics deploymentAnalytics, Boolean fullBuildByDefault, CancellationToken cancellationToken) in /tmp/KuduLite/Kudu.Core/Deployment/DeploymentManager.cs:line 771
   at Kudu.Core.Deployment.DeploymentManager.Build(ChangeSet changeSet, ITracer tracer, IDisposable deployStep, IRepository repository, DeploymentInfoBase deploymentInfo, DeploymentAnalytics deploymentAnalytics, Boolean fullBuildByDefault, CancellationToken cancellationToken) in /tmp/KuduLite/Kudu.Core/Deployment/DeploymentManager.cs:line 840
   at Kudu.Core.Deployment.DeploymentManager.DeployAsync(IRepository repository, ChangeSet changeSet, String deployer, Boolean clean, DeploymentInfoBase deploymentInfo, Boolean needFileUpdate, Boolean fullBuildByDefault) in /tmp/KuduLite/Kudu.Core/Deployment/DeploymentManager.cs:line 266" /><!-- duration: 3ms -->
        <step title="Marking deployment as failed and cleaning up the temp deployment" date="2026-01-28T10:32:03.088" /><!-- duration: 3ms -->
      </step><!-- duration: 185350ms -->
      <step title="Error occurred" date="2026-01-28T10:32:03.246" type="error" text="One or more errors occurred. (Deployment failed)" stackTrace="   at System.Threading.Tasks.Task.ThrowIfExceptional(Boolean includeTaskCanceledExceptions)
   at System.Threading.Tasks.Task.Wait(Int32 millisecondsTimeout, CancellationToken cancellationToken)
   at System.Threading.Tasks.Task.Wait()
   at Kudu.Core.Deployment.FetchDeploymentManager.&lt;&gt;c__DisplayClass22_1.&lt;PerformBackgroundDeployment&gt;b__3() in /tmp/KuduLite/Kudu.Core/Deployment/FetchDeploymentManager.cs:line 414
   at Kudu.Contracts.Infrastructure.LockExtensions.TryLockOperation(IOperationLock lockObj, Action operation, String operationName, TimeSpan timeout) in /tmp/KuduLite/Kudu.Contracts/Infrastructure/LockExtensions.cs:line 34
   at Kudu.Contracts.Infrastructure.LockExtensions.LockOperation(IOperationLock lockObj, Action operation, String operationName, TimeSpan timeout) in /tmp/KuduLite/Kudu.Contracts/Infrastructure/LockExtensions.cs:line 46
   at Kudu.Core.Deployment.FetchDeploymentManager.&lt;&gt;c__DisplayClass22_0.&lt;PerformBackgroundDeployment&gt;b__1() in /tmp/KuduLite/Kudu.Core/Deployment/FetchDeploymentManager.cs:line 393" innerText="Deployment failed" innerStackTrace="   at Kudu.Core.Deployment.DeploymentManager.DeployAsync(IRepository repository, ChangeSet changeSet, String deployer, Boolean clean, DeploymentInfoBase deploymentInfo, Boolean needFileUpdate, Boolean fullBuildByDefault) in /tmp/KuduLite/Kudu.Core/Deployment/DeploymentManager.cs:line 307
   at Kudu.Core.Deployment.FetchDeploymentManager.PerformDeployment(DeploymentInfoBase deploymentInfo, IDisposable tempDeployment, ChangeSet tempChangeSet, DeployStatusApiResult updateStatusObj) in /tmp/KuduLite/Kudu.Core/Deployment/FetchDeploymentManager.cs:line 230" /><!-- duration: 4ms -->
    </step><!-- duration: 185388ms -->
