<step title="Incoming Request" date="2026-01-28T11:21:08.476" instance="7b31da" url="/api/publish?async=true&amp;deployer=GITHUB_ONE_DEPLOY&amp;type=zip&amp;message=%7B%22type%22%3A%22deployment%22%2C%22sha%22%3A%227d41de4fb2222c5a8d66e3f955fc536bef492e5e%22%2C%22repoName%22%3A%22Akz0rt%2FBirthday-Bot%22%2C%22actor%22%3A%22Akz0rt%22%2C%22slotName%22%3A%22Production%22%2C%22commitMessage%22%3A%22fix%3A%20exclude%20node_modules%20from%20zip%20and%20enable%20Oryx%20build%22%7D" method="POST" type="request" pid="768,1,23" Host="birthday-bot-c5a0fydvcmebeqag.scm.canadacentral-01.azurewebsites.net" User-Agent="GITHUBACTIONS_DeployWebAppToAzure_5a5765d1263f789009156e781ab8d44f4dd127fa521ea480dcd42c522fe8fe3a" Authorization="Bea..." Content-Type="application/octet-stream" Cookie="ARRAffinity=7b31da36165afb05d3d4a295c8014b8dbe46951629e150ee1e4042d96c4b6df6;Path=/;HttpOnly;Secure;Domain=birthday-bot-c5a0fydvcmebeqag.scm.canadacentral-01.azurewebsites.net; ARRAffinitySameSite=7b31da36165afb05d3d4a295c8014b8dbe46951629e150ee1e4042d96c4b6df6;Path=/;HttpOnly;SameSite=None;Secure;Domain=birthday-bot-c5a0fydvcmebeqag.scm.canadacentral-01.azurewebsites.net" Transfer-Encoding="chunked" X-ARR-LOG-ID="c5e5deff-d344-45be-b089-e8a00a6712e5" CLIENT-IP="48.214.53.118:58433" X-SITE-DEPLOYMENT-ID="Birthday-Bot" WAS-DEFAULT-HOSTNAME="birthday-bot-c5a0fydvcmebeqag.scm.canadacentral-01.azurewebsites.net" X-Forwarded-Proto="https" X-AppService-Proto="https" X-Forwarded-TlsVersion="1.3" X-WAWS-Unencoded-URL="/api/publish?async=true&amp;deployer=GITHUB_ONE_DEPLOY&amp;type=zip&amp;message=%7B%22type%22%3A%22deployment%22%2C%22sha%22%3A%227d41de4fb2222c5a8d66e3f955fc536bef492e5e%22%2C%22repoName%22%3A%22Akz0rt%2FBirthday-Bot%22%2C%22actor%22%3A%22Akz0rt%22%2C%22slotName%22%3A%22Production%22%2C%22commitMessage%22%3A%22fix%3A%20exclude%20node_modules%20from%20zip%20and%20enable%20Oryx%20build%22%7D" X-Client-IP="48.214.53.118" X-Client-Port="58433" >
  <step title="Cleanup Xml Logs" date="2026-01-28T11:21:08.493" >
    <step title="Cleanup Infos" date="2026-01-28T11:21:08.511" totalFiles="273" totalCleanup="113" /><!-- duration: 5ms -->
  </step><!-- duration: 30ms -->
  <step title="OneDeploy" date="2026-01-28T11:21:08.534" >
    <step title="Starting PushDeployAsync" date="2026-01-28T11:21:08.541" /><!-- duration: 4ms -->
    <step title="Writing artifact to /tmp/zipdeploy/b671d25d-d29e-4913-a53a-969e7b7808aa.zip" date="2026-01-28T11:21:08.621" >
      <step title="Writing multipart request body to /tmp/zipdeploy/b671d25d-d29e-4913-a53a-969e7b7808aa.zip" date="2026-01-28T11:21:08.651" /><!-- duration: 4ms -->
    </step><!-- duration: 1147ms -->
    <step title="Start deployment in the background" date="2026-01-28T11:21:09.812" >
      <step title="Acquiring Deployment Lock" date="2026-01-28T11:21:09.842" /><!-- duration: 6ms -->
      <step title="Cannot Acquire Deployment Lock already held" date="2026-01-28T11:21:09.857" /><!-- duration: 3ms -->
    </step><!-- duration: 76ms -->
    <step title="There is a deployment currently in progress. Please try again when it completes." date="2026-01-28T11:21:09.891" /><!-- duration: 3ms -->
  </step><!-- duration: 1365ms -->
  <step title="Outgoing response" date="2026-01-28T11:21:09.908" type="response" statusCode="409" statusText="Conflict" /><!-- duration: 10ms -->
</step><!-- duration: 1458ms -->
