<step title="BackgroundTrace" date="2026-01-28T10:39:05.501" instance="7b31da" url="/api/zipdeploy" method="POST" >
  <step title="Creating temporary deployment - FetchDeploymentManager" date="2026-01-28T10:39:05.571" /><!-- duration: 3ms -->
  <step title="Creating temporary deployment" date="2026-01-28T10:39:05.578" /><!-- duration: 79ms -->
  <step title="Performing fetch based deployment" date="2026-01-28T10:39:05.700" >
    <step title="Deployment timer started" date="2026-01-28T10:39:08.953" >
      <step title="DeploymentManager.Deploy(id:5a83f61b-f7f3-4a2f-9c13-ea9828da7d29)" date="2026-01-28T10:39:08.959" >
        <step title="Collecting changeset information" date="2026-01-28T10:39:08.993" /><!-- duration: 80ms -->
        <step title="Updating submodules" date="2026-01-28T10:39:09.079" /><!-- duration: 1184ms -->
        <step title="Determining deployment builder" date="2026-01-28T10:39:10.498" >
          <step title="Builder is RunFromZipSiteBuilder" date="2026-01-28T10:39:10.506" /><!-- duration: 5ms -->
        </step><!-- duration: 17ms -->
        <step title="PreDeployment: context.CleanOutputPath False" date="2026-01-28T10:39:10.591" >
          <step title="PreDeployment: context.OutputPath /home/site/wwwroot" date="2026-01-28T10:39:10.722" >
            <step title="Building" date="2026-01-28T10:39:10.853" >
              <step title="Triggering recycle (preview mode disabled)." date="2026-01-28T10:39:11.242" /><!-- duration: 5ms -->
              <step title="Modified file to trigger a restart of the app container." date="2026-01-28T10:39:11.305" /><!-- duration: 8ms -->
              <step title="Skip function trigger and logicapp sync because function is not enabled." date="2026-01-28T10:39:11.336" /><!-- duration: 4ms -->
              <step title="Purge deployment items" date="2026-01-28T10:39:13.349" >
                <step title="Remove 1d56e8ce-, Failed, received at 01/28/2026 10:28:57" date="2026-01-28T10:39:13.405" /><!-- duration: 5ms -->
              </step><!-- duration: 64ms -->
            </step><!-- duration: 2630ms -->
          </step><!-- duration: 2768ms -->
          <step title="Cleaning up temp files" date="2026-01-28T10:39:13.493" /><!-- duration: 4ms -->
          <step title="Cleaning up temp files" date="2026-01-28T10:39:13.500" /><!-- duration: 504ms -->
          <step title="Reloading status file with latest updates" date="2026-01-28T10:39:14.056" >
            <step title="WebHooksManager.PublishEventAsync: PostDeployment" date="2026-01-28T10:39:14.064" /><!-- duration: 40ms -->
          </step><!-- duration: 51ms -->
          <step title="Cleaning up temporary deployment - fetch deployment was successful" date="2026-01-28T10:39:14.112" /><!-- duration: 10ms -->
        </step><!-- duration: 3601ms -->
      </step><!-- duration: 5249ms -->
