<step title="BackgroundTrace" date="2026-01-28T10:39:18.662" instance="7b31da" url="/api/publish" method="POST" >
  <step title="Creating temporary deployment - FetchDeploymentManager" date="2026-01-28T10:39:18.701" /><!-- duration: 2ms -->
  <step title="Creating temporary deployment" date="2026-01-28T10:39:18.708" /><!-- duration: 214ms -->
  <step title="Performing fetch based deployment" date="2026-01-28T10:39:18.956" >
    <step title="Deployment timer started" date="2026-01-28T10:39:22.155" >
      <step title="DeploymentManager.Deploy(id:4377ebbd-6888-4030-9e1c-a84e0a550e2d)" date="2026-01-28T10:39:22.162" >
        <step title="Collecting changeset information" date="2026-01-28T10:39:22.203" /><!-- duration: 94ms -->
        <step title="Updating submodules" date="2026-01-28T10:39:22.303" /><!-- duration: 1172ms -->
        <step title="Determining deployment builder" date="2026-01-28T10:39:23.705" >
          <step title="Builder is RunFromZipSiteBuilder" date="2026-01-28T10:39:23.712" /><!-- duration: 3ms -->
        </step><!-- duration: 13ms -->
        <step title="PreDeployment: context.CleanOutputPath False" date="2026-01-28T10:39:23.768" >
          <step title="PreDeployment: context.OutputPath /home/site/wwwroot" date="2026-01-28T10:39:23.887" >
            <step title="Building" date="2026-01-28T10:39:24.029" >
              <step title="Modified file to trigger a restart of the app container." date="2026-01-28T10:39:24.469" /><!-- duration: 3ms -->
              <step title="Skip function trigger and logicapp sync because function is not enabled." date="2026-01-28T10:39:24.476" /><!-- duration: 12ms -->
              <step title="Purge deployment items" date="2026-01-28T10:39:26.904" >
                <step title="Remove 259c5622-, Success, received at 01/27/2026 20:25:38" date="2026-01-28T10:39:26.969" /><!-- duration: 4ms -->
              </step><!-- duration: 73ms -->
            </step><!-- duration: 3027ms -->
          </step><!-- duration: 3176ms -->
          <step title="Cleaning up temp files" date="2026-01-28T10:39:27.066" /><!-- duration: 15ms -->
          <step title="Cleaning up temp files" date="2026-01-28T10:39:27.084" /><!-- duration: 504ms -->
          <step title="Reloading status file with latest updates" date="2026-01-28T10:39:27.638" >
            <step title="WebHooksManager.PublishEventAsync: PostDeployment" date="2026-01-28T10:39:27.641" /><!-- duration: 24ms -->
          </step><!-- duration: 31ms -->
          <step title="Cleaning up temporary deployment - fetch deployment was successful" date="2026-01-28T10:39:27.674" /><!-- duration: 3ms -->
        </step><!-- duration: 3988ms -->
      </step><!-- duration: 5610ms -->
