<step title="BackgroundTrace" date="2026-01-28T11:37:35.294" instance="7b31da" url="/api/zipdeploy" method="POST" >
  <step title="Creating temporary deployment - FetchDeploymentManager" date="2026-01-28T11:37:35.374" /><!-- duration: 3ms -->
  <step title="Creating temporary deployment" date="2026-01-28T11:37:35.383" /><!-- duration: 60ms -->
  <step title="Performing fetch based deployment" date="2026-01-28T11:37:35.542" >
    <step title="Deployment timer started" date="2026-01-28T11:37:38.712" >
      <step title="DeploymentManager.Deploy(id:1450bb38-b8e7-414a-8695-9281cc63d671)" date="2026-01-28T11:37:38.734" >
        <step title="Collecting changeset information" date="2026-01-28T11:37:38.808" /><!-- duration: 292ms -->
        <step title="Updating submodules" date="2026-01-28T11:37:39.147" /><!-- duration: 1301ms -->
        <step title="Determining deployment builder" date="2026-01-28T11:37:41.385" >
          <step title="Builder is RunFromZipSiteBuilder" date="2026-01-28T11:37:41.408" /><!-- duration: 12ms -->
        </step><!-- duration: 85ms -->
        <step title="PreDeployment: context.CleanOutputPath False" date="2026-01-28T11:37:41.561" >
          <step title="PreDeployment: context.OutputPath /home/site/wwwroot" date="2026-01-28T11:37:41.830" >
            <step title="Building" date="2026-01-28T11:37:42.413" >
              <step title="Triggering recycle (preview mode disabled)." date="2026-01-28T11:37:43.119" /><!-- duration: 5ms -->
              <step title="Modified file to trigger a restart of the app container." date="2026-01-28T11:37:43.186" /><!-- duration: 9ms -->
              <step title="Skip function trigger and logicapp sync because function is not enabled." date="2026-01-28T11:37:43.224" /><!-- duration: 31ms -->
              <step title="Purge deployment items" date="2026-01-28T11:37:46.219" >
                <step title="Remove temp-e771, Pending, received at 01/28/2026 11:37:35" date="2026-01-28T11:37:46.298" /><!-- duration: 10ms -->
                <step title="Remove temp-23e6, Pending, received at 01/28/2026 11:21:22" date="2026-01-28T11:37:46.392" /><!-- duration: 9ms -->
                <step title="Remove 71912ce2-, Failed, received at 01/28/2026 11:20:45" date="2026-01-28T11:37:46.475" /><!-- duration: 16ms -->
                <step title="Remove temp-bffe, Failed, received at 01/28/2026 11:20:41" date="2026-01-28T11:37:46.557" /><!-- duration: 6ms -->
                <step title="Remove 70d3320f-, Success, received at 01/28/2026 09:56:19" date="2026-01-28T11:37:46.649" /><!-- duration: 6ms -->
              </step><!-- duration: 446ms -->
            </step><!-- duration: 4347ms -->
          </step><!-- duration: 4954ms -->
          <step title="Cleaning up temp files" date="2026-01-28T11:37:46.796" /><!-- duration: 5ms -->
          <step title="Cleaning up temp files" date="2026-01-28T11:37:46.805" /><!-- duration: 508ms -->
          <step title="Reloading status file with latest updates" date="2026-01-28T11:37:47.337" >
            <step title="WebHooksManager.PublishEventAsync: PostDeployment" date="2026-01-28T11:37:47.348" /><!-- duration: 42ms -->
          </step><!-- duration: 56ms -->
          <step title="Cleaning up temporary deployment - fetch deployment was successful" date="2026-01-28T11:37:47.398" /><!-- duration: 3ms -->
        </step><!-- duration: 5902ms -->
      </step><!-- duration: 8748ms -->
