<step title="Incoming Request" date="2026-01-28T11:37:52.077" instance="7b31da" url="/api/publish?async=true&amp;deployer=GITHUB_ONE_DEPLOY&amp;type=zip&amp;message=%7B%22type%22%3A%22deployment%22%2C%22sha%22%3A%22aa88b49fcddcfa373f085e63b4facd9e278d600c%22%2C%22repoName%22%3A%22Akz0rt%2FBirthday-Bot%22%2C%22actor%22%3A%22Akz0rt%22%2C%22slotName%22%3A%22Production%22%2C%22commitMessage%22%3A%22security%3A%20remove%20publish%20profile%20from%20git%22%7D" method="POST" type="request" pid="771,1,3" Host="birthday-bot-c5a0fydvcmebeqag.scm.canadacentral-01.azurewebsites.net" User-Agent="GITHUBACTIONS_DeployWebAppToAzure_5a5765d1263f789009156e781ab8d44f4dd127fa521ea480dcd42c522fe8fe3a" Authorization="Bea..." Content-Type="application/octet-stream" Cookie="ARRAffinity=7b31da36165afb05d3d4a295c8014b8dbe46951629e150ee1e4042d96c4b6df6;Path=/;HttpOnly;Secure;Domain=birthday-bot-c5a0fydvcmebeqag.scm.canadacentral-01.azurewebsites.net; ARRAffinitySameSite=7b31da36165afb05d3d4a295c8014b8dbe46951629e150ee1e4042d96c4b6df6;Path=/;HttpOnly;SameSite=None;Secure;Domain=birthday-bot-c5a0fydvcmebeqag.scm.canadacentral-01.azurewebsites.net" Transfer-Encoding="chunked" X-ARR-LOG-ID="16b89fe4-6a3f-4faa-94a1-290c380d0d4e" CLIENT-IP="172.182.201.169:43009" X-SITE-DEPLOYMENT-ID="Birthday-Bot" WAS-DEFAULT-HOSTNAME="birthday-bot-c5a0fydvcmebeqag.scm.canadacentral-01.azurewebsites.net" X-Forwarded-Proto="https" X-AppService-Proto="https" X-Forwarded-TlsVersion="1.3" X-WAWS-Unencoded-URL="/api/publish?async=true&amp;deployer=GITHUB_ONE_DEPLOY&amp;type=zip&amp;message=%7B%22type%22%3A%22deployment%22%2C%22sha%22%3A%22aa88b49fcddcfa373f085e63b4facd9e278d600c%22%2C%22repoName%22%3A%22Akz0rt%2FBirthday-Bot%22%2C%22actor%22%3A%22Akz0rt%22%2C%22slotName%22%3A%22Production%22%2C%22commitMessage%22%3A%22security%3A%20remove%20publish%20profile%20from%20git%22%7D" X-Client-IP="172.182.201.169" X-Client-Port="43009" >
  <step title="OneDeploy" date="2026-01-28T11:37:52.127" >
    <step title="Starting PushDeployAsync" date="2026-01-28T11:37:52.139" /><!-- duration: 7ms -->
    <step title="WEBSITE_RUN_FROM_PACKAGE is set to 1. Writing zip to SitePackagesPath" date="2026-01-28T11:37:52.156" /><!-- duration: 6ms -->
    <step title="Copying zip to SitePackages /home/data/SitePackages/20260128113752.zip from request body" date="2026-01-28T11:37:52.171" /><!-- duration: 13ms -->
    <step title="Writing multipart request body to /home/data/SitePackages/20260128113752.zip" date="2026-01-28T11:37:52.193" /><!-- duration: 9ms -->
    <step title="Deleting outdated zip file /home/data/SitePackages/20260128110237.zip" date="2026-01-28T11:37:53.188" /><!-- duration: 12ms -->
    <step title="Start deployment in the background" date="2026-01-28T11:37:53.235" >
      <step title="Acquiring Deployment Lock" date="2026-01-28T11:37:53.247" /><!-- duration: 4ms -->
      <step title="Acquired Deployment Lock" date="2026-01-28T11:37:53.277" /><!-- duration: 3ms -->
    </step><!-- duration: 126ms -->
  </step><!-- duration: 1242ms -->
  <step title="Outgoing response" date="2026-01-28T11:37:53.373" type="response" statusCode="202" statusText="Accepted" /><!-- duration: 4ms -->
</step><!-- duration: 1306ms -->
