<step title="Incoming Request" date="2026-01-28T09:05:27.015" instance="7b31da" url="/api/publish?async=true&amp;deployer=GITHUB_ONE_DEPLOY&amp;type=zip&amp;message=%7B%22type%22%3A%22deployment%22%2C%22sha%22%3A%229e86d4c4a2010f557d821aa2b6ce63fb966a3fed%22%2C%22repoName%22%3A%22Akz0rt%2FBirthday-Bot%22%2C%22actor%22%3A%22Akz0rt%22%2C%22slotName%22%3A%22Production%22%2C%22commitMessage%22%3A%22.%22%7D" method="POST" type="request" pid="851,1,3" Host="birthday-bot-c5a0fydvcmebeqag.scm.canadacentral-01.azurewebsites.net" User-Agent="GITHUBACTIONS_DeployWebAppToAzure_5a5765d1263f789009156e781ab8d44f4dd127fa521ea480dcd42c522fe8fe3a" Authorization="Bea..." Content-Type="application/octet-stream" Cookie="ARRAffinity=7b31da36165afb05d3d4a295c8014b8dbe46951629e150ee1e4042d96c4b6df6;Path=/;HttpOnly;Secure;Domain=birthday-bot-c5a0fydvcmebeqag.scm.canadacentral-01.azurewebsites.net; ARRAffinitySameSite=7b31da36165afb05d3d4a295c8014b8dbe46951629e150ee1e4042d96c4b6df6;Path=/;HttpOnly;SameSite=None;Secure;Domain=birthday-bot-c5a0fydvcmebeqag.scm.canadacentral-01.azurewebsites.net" Transfer-Encoding="chunked" X-ARR-LOG-ID="4252ceb9-533b-4d6e-b593-8aa963398f46" CLIENT-IP="40.76.191.162:50113" X-SITE-DEPLOYMENT-ID="Birthday-Bot" WAS-DEFAULT-HOSTNAME="birthday-bot-c5a0fydvcmebeqag.scm.canadacentral-01.azurewebsites.net" X-Forwarded-Proto="https" X-AppService-Proto="https" X-Forwarded-TlsVersion="1.3" X-WAWS-Unencoded-URL="/api/publish?async=true&amp;deployer=GITHUB_ONE_DEPLOY&amp;type=zip&amp;message=%7B%22type%22%3A%22deployment%22%2C%22sha%22%3A%229e86d4c4a2010f557d821aa2b6ce63fb966a3fed%22%2C%22repoName%22%3A%22Akz0rt%2FBirthday-Bot%22%2C%22actor%22%3A%22Akz0rt%22%2C%22slotName%22%3A%22Production%22%2C%22commitMessage%22%3A%22.%22%7D" X-Client-IP="40.76.191.162" X-Client-Port="50113" >
  <step title="Cleanup Xml Logs" date="2026-01-28T09:05:27.021" /><!-- duration: 12ms -->
  <step title="OneDeploy" date="2026-01-28T09:05:27.154" >
    <step title="Starting PushDeployAsync" date="2026-01-28T09:05:27.176" /><!-- duration: 18ms -->
    <step title="Writing artifact to /tmp/zipdeploy/f01c37b6-8172-47ca-b349-0030e1d8f78f.zip" date="2026-01-28T09:05:27.209" >
      <step title="Writing multipart request body to /tmp/zipdeploy/f01c37b6-8172-47ca-b349-0030e1d8f78f.zip" date="2026-01-28T09:05:27.213" /><!-- duration: 5ms -->
    </step><!-- duration: 128ms -->
    <step title="Start deployment in the background" date="2026-01-28T09:05:27.355" >
      <step title="Acquiring Deployment Lock" date="2026-01-28T09:05:27.373" /><!-- duration: 4ms -->
      <step title="Acquired Deployment Lock" date="2026-01-28T09:05:27.407" /><!-- duration: 7ms -->
    </step><!-- duration: 150ms -->
  </step><!-- duration: 358ms -->
  <step title="Outgoing response" date="2026-01-28T09:05:27.517" type="response" statusCode="202" statusText="Accepted" /><!-- duration: 4ms -->
</step><!-- duration: 511ms -->
