<step title="Incoming Request" date="2026-01-28T10:53:56.650" instance="7b31da" url="/api/publish?async=true&amp;deployer=GITHUB_ONE_DEPLOY&amp;type=zip&amp;message=%7B%22type%22%3A%22deployment%22%2C%22sha%22%3A%2236f5b6ac4977f571dd9e4a25066ad32c2a3f81df%22%2C%22repoName%22%3A%22Akz0rt%2FBirthday-Bot%22%2C%22actor%22%3A%22Akz0rt%22%2C%22slotName%22%3A%22Production%22%2C%22commitMessage%22%3A%22ci%3A%20enable%20WEBSITE_RUN_FROM_PACKAGE%20to%20bypass%20rsync%22%7D" method="POST" type="request" pid="768,1,34" Host="birthday-bot-c5a0fydvcmebeqag.scm.canadacentral-01.azurewebsites.net" User-Agent="GITHUBACTIONS_DeployWebAppToAzure_5a5765d1263f789009156e781ab8d44f4dd127fa521ea480dcd42c522fe8fe3a" Authorization="Bea..." Content-Type="application/octet-stream" Cookie="ARRAffinity=7b31da36165afb05d3d4a295c8014b8dbe46951629e150ee1e4042d96c4b6df6;Path=/;HttpOnly;Secure;Domain=birthday-bot-c5a0fydvcmebeqag.scm.canadacentral-01.azurewebsites.net; ARRAffinitySameSite=7b31da36165afb05d3d4a295c8014b8dbe46951629e150ee1e4042d96c4b6df6;Path=/;HttpOnly;SameSite=None;Secure;Domain=birthday-bot-c5a0fydvcmebeqag.scm.canadacentral-01.azurewebsites.net" Transfer-Encoding="chunked" X-ARR-LOG-ID="b7f272ab-fb84-4449-96f4-66b9c1f6dadf" CLIENT-IP="64.236.160.25:61481" X-SITE-DEPLOYMENT-ID="Birthday-Bot" WAS-DEFAULT-HOSTNAME="birthday-bot-c5a0fydvcmebeqag.scm.canadacentral-01.azurewebsites.net" X-Forwarded-Proto="https" X-AppService-Proto="https" X-Forwarded-TlsVersion="1.3" X-WAWS-Unencoded-URL="/api/publish?async=true&amp;deployer=GITHUB_ONE_DEPLOY&amp;type=zip&amp;message=%7B%22type%22%3A%22deployment%22%2C%22sha%22%3A%2236f5b6ac4977f571dd9e4a25066ad32c2a3f81df%22%2C%22repoName%22%3A%22Akz0rt%2FBirthday-Bot%22%2C%22actor%22%3A%22Akz0rt%22%2C%22slotName%22%3A%22Production%22%2C%22commitMessage%22%3A%22ci%3A%20enable%20WEBSITE_RUN_FROM_PACKAGE%20to%20bypass%20rsync%22%7D" X-Client-IP="64.236.160.25" X-Client-Port="61481" >
  <step title="OneDeploy" date="2026-01-28T10:53:56.667" >
    <step title="Starting PushDeployAsync" date="2026-01-28T10:53:56.681" /><!-- duration: 3ms -->
    <step title="WEBSITE_RUN_FROM_PACKAGE is set to 1. Writing zip to SitePackagesPath" date="2026-01-28T10:53:56.688" /><!-- duration: 3ms -->
    <step title="Copying zip to SitePackages /home/data/SitePackages/20260128105356.zip from request body" date="2026-01-28T10:53:56.697" /><!-- duration: 3ms -->
    <step title="Writing multipart request body to /home/data/SitePackages/20260128105356.zip" date="2026-01-28T10:53:56.711" /><!-- duration: 30ms -->
    <step title="Start deployment in the background" date="2026-01-28T10:53:56.989" >
      <step title="Acquiring Deployment Lock" date="2026-01-28T10:53:56.999" /><!-- duration: 3ms -->
      <step title="Acquired Deployment Lock" date="2026-01-28T10:53:57.044" /><!-- duration: 6ms -->
    </step><!-- duration: 164ms -->
  </step><!-- duration: 491ms -->
  <step title="Outgoing response" date="2026-01-28T10:53:57.165" type="response" statusCode="202" statusText="Accepted" /><!-- duration: 4ms -->
</step><!-- duration: 522ms -->
