<step title="Incoming Request" date="2026-01-28T09:55:57.901" instance="7b31da" url="/api/publish?async=true&amp;deployer=GITHUB_ONE_DEPLOY&amp;type=zip&amp;message=%7B%22type%22%3A%22deployment%22%2C%22sha%22%3A%22b6eae4eac0fcd02c0abc89b79b1004bafe236965%22%2C%22repoName%22%3A%22Akz0rt%2FBirthday-Bot%22%2C%22actor%22%3A%22Akz0rt%22%2C%22slotName%22%3A%22Production%22%2C%22commitMessage%22%3A%22ci%3A%20add%20Azure%20Web%20App%20GitHub%20Actions%20workflow%22%7D" method="POST" type="request" pid="851,1,23" Host="birthday-bot-c5a0fydvcmebeqag.scm.canadacentral-01.azurewebsites.net" User-Agent="GITHUBACTIONS_DeployWebAppToAzure_5a5765d1263f789009156e781ab8d44f4dd127fa521ea480dcd42c522fe8fe3a" Authorization="Bea..." Content-Type="application/octet-stream" Cookie="ARRAffinity=7b31da36165afb05d3d4a295c8014b8dbe46951629e150ee1e4042d96c4b6df6;Path=/;HttpOnly;Secure;Domain=birthday-bot-c5a0fydvcmebeqag.scm.canadacentral-01.azurewebsites.net; ARRAffinitySameSite=7b31da36165afb05d3d4a295c8014b8dbe46951629e150ee1e4042d96c4b6df6;Path=/;HttpOnly;SameSite=None;Secure;Domain=birthday-bot-c5a0fydvcmebeqag.scm.canadacentral-01.azurewebsites.net" Transfer-Encoding="chunked" X-ARR-LOG-ID="3d8dad6e-ff97-4749-804c-7eefe0abeecd" CLIENT-IP="52.165.250.245:49153" X-SITE-DEPLOYMENT-ID="Birthday-Bot" WAS-DEFAULT-HOSTNAME="birthday-bot-c5a0fydvcmebeqag.scm.canadacentral-01.azurewebsites.net" X-Forwarded-Proto="https" X-AppService-Proto="https" X-Forwarded-TlsVersion="1.3" X-WAWS-Unencoded-URL="/api/publish?async=true&amp;deployer=GITHUB_ONE_DEPLOY&amp;type=zip&amp;message=%7B%22type%22%3A%22deployment%22%2C%22sha%22%3A%22b6eae4eac0fcd02c0abc89b79b1004bafe236965%22%2C%22repoName%22%3A%22Akz0rt%2FBirthday-Bot%22%2C%22actor%22%3A%22Akz0rt%22%2C%22slotName%22%3A%22Production%22%2C%22commitMessage%22%3A%22ci%3A%20add%20Azure%20Web%20App%20GitHub%20Actions%20workflow%22%7D" X-Client-IP="52.165.250.245" X-Client-Port="49153" >
  <step title="Cleanup Xml Logs" date="2026-01-28T09:55:57.904" /><!-- duration: 10ms -->
  <step title="OneDeploy" date="2026-01-28T09:55:57.935" >
    <step title="Starting PushDeployAsync" date="2026-01-28T09:55:57.947" /><!-- duration: 4ms -->
    <step title="Writing artifact to /tmp/zipdeploy/dabc97a7-f452-44d8-9ca8-c3b5be121ea1.zip" date="2026-01-28T09:55:57.968" >
      <step title="Writing multipart request body to /tmp/zipdeploy/dabc97a7-f452-44d8-9ca8-c3b5be121ea1.zip" date="2026-01-28T09:55:57.972" /><!-- duration: 21ms -->
    </step><!-- duration: 201ms -->
    <step title="Start deployment in the background" date="2026-01-28T09:55:58.180" >
      <step title="Acquiring Deployment Lock" date="2026-01-28T09:55:58.188" /><!-- duration: 4ms -->
      <step title="Acquired Deployment Lock" date="2026-01-28T09:55:58.227" /><!-- duration: 3ms -->
    </step><!-- duration: 119ms -->
  </step><!-- duration: 375ms -->
  <step title="Outgoing response" date="2026-01-28T09:55:58.315" type="response" statusCode="202" statusText="Accepted" /><!-- duration: 5ms -->
</step><!-- duration: 424ms -->
