<step title="BackgroundTrace" date="2026-01-28T11:45:51.999" instance="7b31da" url="/api/zipdeploy" method="POST" >
  <step title="Creating temporary deployment - FetchDeploymentManager" date="2026-01-28T11:45:52.066" /><!-- duration: 3ms -->
  <step title="Creating temporary deployment" date="2026-01-28T11:45:52.073" /><!-- duration: 57ms -->
  <step title="Performing fetch based deployment" date="2026-01-28T11:45:52.171" >
    <step title="Deployment timer started" date="2026-01-28T11:45:55.416" >
      <step title="DeploymentManager.Deploy(id:1522c3cb-e814-4162-b824-83bfe4767485)" date="2026-01-28T11:45:55.423" >
        <step title="Collecting changeset information" date="2026-01-28T11:45:55.448" /><!-- duration: 126ms -->
        <step title="Updating submodules" date="2026-01-28T11:45:55.580" /><!-- duration: 1122ms -->
        <step title="Determining deployment builder" date="2026-01-28T11:45:56.927" >
          <step title="Builder is RunFromZipSiteBuilder" date="2026-01-28T11:45:56.940" /><!-- duration: 10ms -->
        </step><!-- duration: 30ms -->
        <step title="PreDeployment: context.CleanOutputPath False" date="2026-01-28T11:45:57.032" >
          <step title="PreDeployment: context.OutputPath /home/site/wwwroot" date="2026-01-28T11:45:57.214" >
            <step title="Building" date="2026-01-28T11:45:57.354" >
              <step title="Triggering recycle (preview mode disabled)." date="2026-01-28T11:45:57.712" /><!-- duration: 6ms -->
              <step title="Modified file to trigger a restart of the app container." date="2026-01-28T11:45:57.739" /><!-- duration: 4ms -->
              <step title="Skip function trigger and logicapp sync because function is not enabled." date="2026-01-28T11:45:57.750" /><!-- duration: 6ms -->
              <step title="Purge deployment items" date="2026-01-28T11:45:59.802" >
                <step title="Remove 5a83f61b-, Success, received at 01/28/2026 10:39:09" date="2026-01-28T11:45:59.862" /><!-- duration: 5ms -->
              </step><!-- duration: 69ms -->
            </step><!-- duration: 2591ms -->
          </step><!-- duration: 2740ms -->
          <step title="Cleaning up temp files" date="2026-01-28T11:45:59.958" /><!-- duration: 4ms -->
          <step title="Cleaning up temp files" date="2026-01-28T11:45:59.970" /><!-- duration: 511ms -->
          <step title="Reloading status file with latest updates" date="2026-01-28T11:46:00.515" >
            <step title="WebHooksManager.PublishEventAsync: PostDeployment" date="2026-01-28T11:46:00.518" /><!-- duration: 150ms -->
          </step><!-- duration: 157ms -->
          <step title="Cleaning up temporary deployment - fetch deployment was successful" date="2026-01-28T11:46:00.677" /><!-- duration: 3ms -->
        </step><!-- duration: 3724ms -->
      </step><!-- duration: 5350ms -->
