<step title="Incoming Request" date="2026-01-28T10:39:18.197" instance="7b31da" url="/api/publish?async=true&amp;deployer=GITHUB_ONE_DEPLOY&amp;type=zip&amp;message=%7B%22type%22%3A%22deployment%22%2C%22sha%22%3A%2238d2ab8810a6c5debdebdf50d25540281e285c5a%22%2C%22repoName%22%3A%22Akz0rt%2FBirthday-Bot%22%2C%22actor%22%3A%22Akz0rt%22%2C%22slotName%22%3A%22Production%22%2C%22commitMessage%22%3A%22ci%3A%20enable%20WEBSITE_RUN_FROM_PACKAGE%20to%20bypass%20rsync%22%7D" method="POST" type="request" pid="768,1,27" Host="birthday-bot-c5a0fydvcmebeqag.scm.canadacentral-01.azurewebsites.net" User-Agent="GITHUBACTIONS_DeployWebAppToAzure_5a5765d1263f789009156e781ab8d44f4dd127fa521ea480dcd42c522fe8fe3a" Authorization="Bea..." Content-Type="application/octet-stream" Cookie="ARRAffinity=7b31da36165afb05d3d4a295c8014b8dbe46951629e150ee1e4042d96c4b6df6;Path=/;HttpOnly;Secure;Domain=birthday-bot-c5a0fydvcmebeqag.scm.canadacentral-01.azurewebsites.net; ARRAffinitySameSite=7b31da36165afb05d3d4a295c8014b8dbe46951629e150ee1e4042d96c4b6df6;Path=/;HttpOnly;SameSite=None;Secure;Domain=birthday-bot-c5a0fydvcmebeqag.scm.canadacentral-01.azurewebsites.net" Transfer-Encoding="chunked" X-ARR-LOG-ID="a92b32e3-740d-45ae-b276-5ee3c12bba13" CLIENT-IP="172.190.93.130:20505" X-SITE-DEPLOYMENT-ID="Birthday-Bot" WAS-DEFAULT-HOSTNAME="birthday-bot-c5a0fydvcmebeqag.scm.canadacentral-01.azurewebsites.net" X-Forwarded-Proto="https" X-AppService-Proto="https" X-Forwarded-TlsVersion="1.3" X-WAWS-Unencoded-URL="/api/publish?async=true&amp;deployer=GITHUB_ONE_DEPLOY&amp;type=zip&amp;message=%7B%22type%22%3A%22deployment%22%2C%22sha%22%3A%2238d2ab8810a6c5debdebdf50d25540281e285c5a%22%2C%22repoName%22%3A%22Akz0rt%2FBirthday-Bot%22%2C%22actor%22%3A%22Akz0rt%22%2C%22slotName%22%3A%22Production%22%2C%22commitMessage%22%3A%22ci%3A%20enable%20WEBSITE_RUN_FROM_PACKAGE%20to%20bypass%20rsync%22%7D" X-Client-IP="172.190.93.130" X-Client-Port="20505" >
  <step title="Cleanup Xml Logs" date="2026-01-28T10:39:18.202" >
    <step title="Cleanup Infos" date="2026-01-28T10:39:18.213" totalFiles="234" totalCleanup="74" /><!-- duration: 5ms -->
  </step><!-- duration: 18ms -->
  <step title="OneDeploy" date="2026-01-28T10:39:18.236" >
    <step title="Starting PushDeployAsync" date="2026-01-28T10:39:18.245" /><!-- duration: 7ms -->
    <step title="WEBSITE_RUN_FROM_PACKAGE is set to 1. Writing zip to SitePackagesPath" date="2026-01-28T10:39:18.266" /><!-- duration: 4ms -->
    <step title="Copying zip to SitePackages /home/data/SitePackages/20260128103918.zip from request body" date="2026-01-28T10:39:18.275" /><!-- duration: 4ms -->
    <step title="Writing multipart request body to /home/data/SitePackages/20260128103918.zip" date="2026-01-28T10:39:18.282" /><!-- duration: 3ms -->
    <step title="Start deployment in the background" date="2026-01-28T10:39:18.657" >
      <step title="Acquiring Deployment Lock" date="2026-01-28T10:39:18.669" /><!-- duration: 4ms -->
      <step title="Acquired Deployment Lock" date="2026-01-28T10:39:18.696" /><!-- duration: 3ms -->
    </step><!-- duration: 269ms -->
  </step><!-- duration: 696ms -->
  <step title="Outgoing response" date="2026-01-28T10:39:18.936" type="response" statusCode="202" statusText="Accepted" /><!-- duration: 4ms -->
</step><!-- duration: 747ms -->
