<step title="Incoming Request" date="2026-01-28T09:49:15.839" instance="7b31da" url="/api/publish?async=true&amp;deployer=GITHUB_ONE_DEPLOY&amp;type=zip&amp;message=%7B%22type%22%3A%22deployment%22%2C%22sha%22%3A%22c03781c6048ea451288c0f9312bede824b392d31%22%2C%22repoName%22%3A%22Akz0rt%2FBirthday-Bot%22%2C%22actor%22%3A%22Akz0rt%22%2C%22slotName%22%3A%22Production%22%2C%22commitMessage%22%3A%22ci%3A%20trigger%20azure%20deploy%22%7D" method="POST" type="request" pid="851,1,38" Host="birthday-bot-c5a0fydvcmebeqag.scm.canadacentral-01.azurewebsites.net" User-Agent="GITHUBACTIONS_DeployWebAppToAzure_5a5765d1263f789009156e781ab8d44f4dd127fa521ea480dcd42c522fe8fe3a" Authorization="Bea..." Content-Type="application/octet-stream" Cookie="ARRAffinity=7b31da36165afb05d3d4a295c8014b8dbe46951629e150ee1e4042d96c4b6df6;Path=/;HttpOnly;Secure;Domain=birthday-bot-c5a0fydvcmebeqag.scm.canadacentral-01.azurewebsites.net; ARRAffinitySameSite=7b31da36165afb05d3d4a295c8014b8dbe46951629e150ee1e4042d96c4b6df6;Path=/;HttpOnly;SameSite=None;Secure;Domain=birthday-bot-c5a0fydvcmebeqag.scm.canadacentral-01.azurewebsites.net" Transfer-Encoding="chunked" X-ARR-LOG-ID="64ae9b1f-f0f7-435a-9fa2-22b0f3807b43" CLIENT-IP="128.24.160.170:39969" X-SITE-DEPLOYMENT-ID="Birthday-Bot" WAS-DEFAULT-HOSTNAME="birthday-bot-c5a0fydvcmebeqag.scm.canadacentral-01.azurewebsites.net" X-Forwarded-Proto="https" X-AppService-Proto="https" X-Forwarded-TlsVersion="1.3" X-WAWS-Unencoded-URL="/api/publish?async=true&amp;deployer=GITHUB_ONE_DEPLOY&amp;type=zip&amp;message=%7B%22type%22%3A%22deployment%22%2C%22sha%22%3A%22c03781c6048ea451288c0f9312bede824b392d31%22%2C%22repoName%22%3A%22Akz0rt%2FBirthday-Bot%22%2C%22actor%22%3A%22Akz0rt%22%2C%22slotName%22%3A%22Production%22%2C%22commitMessage%22%3A%22ci%3A%20trigger%20azure%20deploy%22%7D" X-Client-IP="128.24.160.170" X-Client-Port="39969" >
  <step title="Cleanup Xml Logs" date="2026-01-28T09:49:15.843" /><!-- duration: 9ms -->
  <step title="OneDeploy" date="2026-01-28T09:49:15.883" >
    <step title="Starting PushDeployAsync" date="2026-01-28T09:49:15.895" /><!-- duration: 4ms -->
    <step title="Writing artifact to /tmp/zipdeploy/c041b869-3712-48d2-b4b8-1334d63a9f55.zip" date="2026-01-28T09:49:15.934" >
      <step title="Writing multipart request body to /tmp/zipdeploy/c041b869-3712-48d2-b4b8-1334d63a9f55.zip" date="2026-01-28T09:49:15.939" /><!-- duration: 5ms -->
    </step><!-- duration: 239ms -->
    <step title="Start deployment in the background" date="2026-01-28T09:49:16.187" >
      <step title="Acquiring Deployment Lock" date="2026-01-28T09:49:16.197" /><!-- duration: 4ms -->
      <step title="Acquired Deployment Lock" date="2026-01-28T09:49:16.260" /><!-- duration: 4ms -->
    </step><!-- duration: 140ms -->
  </step><!-- duration: 454ms -->
  <step title="Outgoing response" date="2026-01-28T09:49:16.341" type="response" statusCode="202" statusText="Accepted" /><!-- duration: 3ms -->
</step><!-- duration: 512ms -->
