<step title="Incoming Request" date="2026-01-28T11:02:42.525" instance="7b31da" url="/api/deployments/latest" method="GET" type="request" pid="768,1,16" Accept="*/*" Host="birthday-bot-c5a0fydvcmebeqag.scm.canadacentral-01.azurewebsites.net" User-Agent="AZURECLI/2.82.0 (DEB)" Accept-Encoding="gzip, deflate" Authorization="Bea..." x-ms-client-request-id="d737255e-fc38-11f0-a095-7ced8d703356" X-ARR-LOG-ID="d737255e-fc38-11f0-a095-7ced8d703356" CLIENT-IP="172.184.175.148:31777" X-SITE-DEPLOYMENT-ID="Birthday-Bot" WAS-DEFAULT-HOSTNAME="birthday-bot-c5a0fydvcmebeqag.scm.canadacentral-01.azurewebsites.net" X-Forwarded-Proto="https" X-AppService-Proto="https" X-Forwarded-TlsVersion="1.3" X-WAWS-Unencoded-URL="/api/deployments/latest" X-Client-IP="172.184.175.148" X-Client-Port="31777" >
  <step title="Cleanup Xml Logs" date="2026-01-28T11:02:42.533" >
    <step title="Cleanup Infos" date="2026-01-28T11:02:42.563" totalFiles="251" totalCleanup="91" /><!-- duration: 18ms -->
  </step><!-- duration: 55ms -->
  <step title="DeploymentService.GetResult" date="2026-01-28T11:02:42.645" >
    <step title="DeploymentService.GetLatestDeployment" date="2026-01-28T11:02:42.661" >
      <step title="DeploymentManager.GetResults" date="2026-01-28T11:02:42.670" /><!-- duration: 1234ms -->
    </step><!-- duration: 1252ms -->
  </step><!-- duration: 1284ms -->
  <step title="Outgoing response" date="2026-01-28T11:02:43.973" type="response" statusCode="202" statusText="Accepted" /><!-- duration: 15ms -->
</step><!-- duration: 1474ms -->
