<step title="Incoming Request" date="2026-01-28T10:29:03.143" instance="7b31da" url="/api/publish?async=true&amp;deployer=GITHUB_ONE_DEPLOY&amp;type=zip&amp;message=%7B%22type%22%3A%22deployment%22%2C%22sha%22%3A%225e1862a8341ddbbd9d14ae8d485e2515ef8938bf%22%2C%22repoName%22%3A%22Akz0rt%2FBirthday-Bot%22%2C%22actor%22%3A%22Akz0rt%22%2C%22slotName%22%3A%22Production%22%2C%22commitMessage%22%3A%22ci%3A%20retry%20azure%20deploy%20(disable%20kudu)%22%7D" method="POST" type="request" pid="768,1,17" Host="birthday-bot-c5a0fydvcmebeqag.scm.canadacentral-01.azurewebsites.net" User-Agent="GITHUBACTIONS_DeployWebAppToAzure_5a5765d1263f789009156e781ab8d44f4dd127fa521ea480dcd42c522fe8fe3a" Authorization="Bea..." Content-Type="application/octet-stream" Cookie="ARRAffinity=7b31da36165afb05d3d4a295c8014b8dbe46951629e150ee1e4042d96c4b6df6;Path=/;HttpOnly;Secure;Domain=birthday-bot-c5a0fydvcmebeqag.scm.canadacentral-01.azurewebsites.net; ARRAffinitySameSite=7b31da36165afb05d3d4a295c8014b8dbe46951629e150ee1e4042d96c4b6df6;Path=/;HttpOnly;SameSite=None;Secure;Domain=birthday-bot-c5a0fydvcmebeqag.scm.canadacentral-01.azurewebsites.net" Transfer-Encoding="chunked" X-ARR-LOG-ID="80b1e2f2-af36-4afd-a4c1-d7ef7c90d18a" CLIENT-IP="40.65.61.36:43968" X-SITE-DEPLOYMENT-ID="Birthday-Bot" WAS-DEFAULT-HOSTNAME="birthday-bot-c5a0fydvcmebeqag.scm.canadacentral-01.azurewebsites.net" X-Forwarded-Proto="https" X-AppService-Proto="https" X-Forwarded-TlsVersion="1.3" X-WAWS-Unencoded-URL="/api/publish?async=true&amp;deployer=GITHUB_ONE_DEPLOY&amp;type=zip&amp;message=%7B%22type%22%3A%22deployment%22%2C%22sha%22%3A%225e1862a8341ddbbd9d14ae8d485e2515ef8938bf%22%2C%22repoName%22%3A%22Akz0rt%2FBirthday-Bot%22%2C%22actor%22%3A%22Akz0rt%22%2C%22slotName%22%3A%22Production%22%2C%22commitMessage%22%3A%22ci%3A%20retry%20azure%20deploy%20(disable%20kudu)%22%7D" X-Client-IP="40.65.61.36" X-Client-Port="43968" >
  <step title="Cleanup Xml Logs" date="2026-01-28T10:29:03.146" >
    <step title="Cleanup Infos" date="2026-01-28T10:29:03.155" totalFiles="210" totalCleanup="50" /><!-- duration: 5ms -->
  </step><!-- duration: 17ms -->
  <step title="OneDeploy" date="2026-01-28T10:29:03.188" >
    <step title="Starting PushDeployAsync" date="2026-01-28T10:29:03.212" /><!-- duration: 6ms -->
    <step title="Writing artifact to /tmp/zipdeploy/bed3fece-406c-4919-9f73-1a2b85f96069.zip" date="2026-01-28T10:29:03.243" >
      <step title="Writing multipart request body to /tmp/zipdeploy/bed3fece-406c-4919-9f73-1a2b85f96069.zip" date="2026-01-28T10:29:03.247" /><!-- duration: 3ms -->
    </step><!-- duration: 1029ms -->
    <step title="Start deployment in the background" date="2026-01-28T10:29:04.317" >
      <step title="Acquiring Deployment Lock" date="2026-01-28T10:29:04.402" /><!-- duration: 9ms -->
      <step title="Cannot Acquire Deployment Lock already held" date="2026-01-28T10:29:04.445" /><!-- duration: 9ms -->
    </step><!-- duration: 224ms -->
    <step title="There is a deployment currently in progress. Please try again when it completes." date="2026-01-28T10:29:04.557" /><!-- duration: 24ms -->
  </step><!-- duration: 1400ms -->
  <step title="Outgoing response" date="2026-01-28T10:29:04.595" type="response" statusCode="409" statusText="Conflict" /><!-- duration: 8ms -->
</step><!-- duration: 1497ms -->
