<step title="Incoming Request" date="2026-01-28T10:20:32.432" instance="7b31da" url="/api/publish?async=true&amp;deployer=GITHUB_ONE_DEPLOY&amp;type=zip&amp;message=%7B%22type%22%3A%22deployment%22%2C%22sha%22%3A%22851c59a423e5940d6dd17e35a07cf164c29af4f2%22%2C%22repoName%22%3A%22Akz0rt%2FBirthday-Bot%22%2C%22actor%22%3A%22Akz0rt%22%2C%22slotName%22%3A%22Production%22%2C%22commitMessage%22%3A%22ci%3A%20trigger%20azure%20deploy%22%7D" method="POST" type="request" pid="851,1,7" Host="birthday-bot-c5a0fydvcmebeqag.scm.canadacentral-01.azurewebsites.net" User-Agent="GITHUBACTIONS_DeployWebAppToAzure_5a5765d1263f789009156e781ab8d44f4dd127fa521ea480dcd42c522fe8fe3a" Authorization="Bea..." Content-Type="application/octet-stream" Cookie="ARRAffinity=7b31da36165afb05d3d4a295c8014b8dbe46951629e150ee1e4042d96c4b6df6;Path=/;HttpOnly;Secure;Domain=birthday-bot-c5a0fydvcmebeqag.scm.canadacentral-01.azurewebsites.net; ARRAffinitySameSite=7b31da36165afb05d3d4a295c8014b8dbe46951629e150ee1e4042d96c4b6df6;Path=/;HttpOnly;SameSite=None;Secure;Domain=birthday-bot-c5a0fydvcmebeqag.scm.canadacentral-01.azurewebsites.net" Transfer-Encoding="chunked" X-ARR-LOG-ID="74ea7a08-849f-42cc-b401-f8b3acc7ee0a" CLIENT-IP="20.81.183.86:35841" X-SITE-DEPLOYMENT-ID="Birthday-Bot" WAS-DEFAULT-HOSTNAME="birthday-bot-c5a0fydvcmebeqag.scm.canadacentral-01.azurewebsites.net" X-Forwarded-Proto="https" X-AppService-Proto="https" X-Forwarded-TlsVersion="1.3" X-WAWS-Unencoded-URL="/api/publish?async=true&amp;deployer=GITHUB_ONE_DEPLOY&amp;type=zip&amp;message=%7B%22type%22%3A%22deployment%22%2C%22sha%22%3A%22851c59a423e5940d6dd17e35a07cf164c29af4f2%22%2C%22repoName%22%3A%22Akz0rt%2FBirthday-Bot%22%2C%22actor%22%3A%22Akz0rt%22%2C%22slotName%22%3A%22Production%22%2C%22commitMessage%22%3A%22ci%3A%20trigger%20azure%20deploy%22%7D" X-Client-IP="20.81.183.86" X-Client-Port="35841" >
  <step title="Cleanup Xml Logs" date="2026-01-28T10:20:32.451" /><!-- duration: 25ms -->
  <step title="OneDeploy" date="2026-01-28T10:20:33.200" >
    <step title="Starting PushDeployAsync" date="2026-01-28T10:20:33.217" /><!-- duration: 4ms -->
    <step title="Writing artifact to /tmp/zipdeploy/26740009-841e-4880-9163-f43330c2a2eb.zip" date="2026-01-28T10:20:33.664" >
      <step title="Writing multipart request body to /tmp/zipdeploy/26740009-841e-4880-9163-f43330c2a2eb.zip" date="2026-01-28T10:20:33.670" /><!-- duration: 3ms -->
    </step><!-- duration: 756ms -->
    <step title="Start deployment in the background" date="2026-01-28T10:20:35.129" >
      <step title="Acquiring Deployment Lock" date="2026-01-28T10:20:35.143" /><!-- duration: 5ms -->
      <step title="Cannot Acquire Deployment Lock already held" date="2026-01-28T10:20:35.167" /><!-- duration: 15ms -->
    </step><!-- duration: 222ms -->
    <step title="There is a deployment currently in progress. Please try again when it completes." date="2026-01-28T10:20:35.378" /><!-- duration: 4ms -->
  </step><!-- duration: 2185ms -->
  <step title="Outgoing response" date="2026-01-28T10:20:35.389" type="response" statusCode="409" statusText="Conflict" /><!-- duration: 5ms -->
</step><!-- duration: 3080ms -->
