<step title="BackgroundTrace" date="2026-01-28T09:49:16.191" instance="7b31da" url="/api/publish" method="POST" >
  <step title="Creating temporary deployment - FetchDeploymentManager" date="2026-01-28T09:49:16.269" /><!-- duration: 3ms -->
  <step title="Creating temporary deployment" date="2026-01-28T09:49:16.277" /><!-- duration: 46ms -->
  <step title="Performing fetch based deployment" date="2026-01-28T09:49:16.365" >
    <step title="Cleaning up temp folders from previous zip deployments and extracting pushed zip file /tmp/zipdeploy/c041b869-3712-48d2-b4b8-1334d63a9f55.zip (19.28 MB) to /tmp/zipdeploy/extracted" date="2026-01-28T09:49:17.511" >
      <step title="ChmodRecursive Process exited with total time taken in ms: 228" date="2026-01-28T09:49:37.795" /><!-- duration: 5ms -->
    </step><!-- duration: 20294ms -->
    <step title="Deployment timer started" date="2026-01-28T09:49:39.813" >
      <step title="DeploymentManager.Deploy(id:46e99df6-3c7b-4125-a1bf-2769d4474de9)" date="2026-01-28T09:49:39.834" >
        <step title="Collecting changeset information" date="2026-01-28T09:49:39.847" /><!-- duration: 100ms -->
        <step title="Updating submodules" date="2026-01-28T09:49:39.953" /><!-- duration: 1131ms -->
        <step title="Determining deployment builder" date="2026-01-28T09:49:41.297" >
          <step title="Builder is OneDeployBuilder" date="2026-01-28T09:49:41.318" /><!-- duration: 3ms -->
        </step><!-- duration: 27ms -->
        <step title="PreDeployment: context.CleanOutputPath False" date="2026-01-28T09:49:41.372" >
          <step title="PreDeployment: context.OutputPath /home/site/wwwroot" date="2026-01-28T09:49:41.489" >
            <step title="Building" date="2026-01-28T09:49:41.622" >
              <step title="Executing external process" date="2026-01-28T09:49:42.308" type="process" path="starter.sh" arguments="/opt/Kudu/Scripts/absoluteTar.sh /tmp/zipdeploy/extracted/node_modules /tmp/zipdeploy/extracted/node_modules.tar.gz" /><!-- duration: 3084ms -->
              <step title="Executing external process" date="2026-01-28T09:49:45.654" type="process" path="starter.sh" arguments="/opt/Kudu/Scripts/parallel_rsync.sh /tmp/zipdeploy/extracted /home/site/wwwroot 8 /tmp/ False False node_modules " /><!-- duration: 5336ms -->
              <step title="Modified file to trigger a restart of the app container." date="2026-01-28T09:49:51.822" /><!-- duration: 3ms -->
              <step title="Skip function trigger and logicapp sync because function is not enabled." date="2026-01-28T09:49:51.830" /><!-- duration: 12ms -->
            </step><!-- duration: 11163ms -->
          </step><!-- duration: 11313ms -->
          <step title="Cleaning up temp files" date="2026-01-28T09:49:52.809" /><!-- duration: 6ms -->
          <step title="Cleaning up temp files" date="2026-01-28T09:49:52.820" /><!-- duration: 509ms -->
          <step title="Reloading status file with latest updates" date="2026-01-28T09:49:53.629" >
            <step title="WebHooksManager.PublishEventAsync: PostDeployment" date="2026-01-28T09:49:53.634" /><!-- duration: 32ms -->
          </step><!-- duration: 42ms -->
          <step title="Cleaning up temporary deployment - fetch deployment was successful" date="2026-01-28T09:49:53.677" /><!-- duration: 4ms -->
        </step><!-- duration: 12376ms -->
      </step><!-- duration: 13930ms -->
