<step title="Incoming Request" date="2026-01-28T10:21:00.415" instance="7b31da" url="/api/publish?async=true&amp;deployer=GITHUB_ONE_DEPLOY&amp;type=zip&amp;message=%7B%22type%22%3A%22deployment%22%2C%22sha%22%3A%22851c59a423e5940d6dd17e35a07cf164c29af4f2%22%2C%22repoName%22%3A%22Akz0rt%2FBirthday-Bot%22%2C%22actor%22%3A%22Akz0rt%22%2C%22slotName%22%3A%22Production%22%2C%22commitMessage%22%3A%22ci%3A%20trigger%20azure%20deploy%22%7D" method="POST" type="request" pid="852,1,7" Host="birthday-bot-c5a0fydvcmebeqag.scm.canadacentral-01.azurewebsites.net" User-Agent="GITHUBACTIONS_DeployWebAppToAzure_5a5765d1263f789009156e781ab8d44f4dd127fa521ea480dcd42c522fe8fe3a" Authorization="Bea..." Content-Type="application/octet-stream" Cookie="ARRAffinity=7b31da36165afb05d3d4a295c8014b8dbe46951629e150ee1e4042d96c4b6df6;Path=/;HttpOnly;Secure;Domain=birthday-bot-c5a0fydvcmebeqag.scm.canadacentral-01.azurewebsites.net; ARRAffinitySameSite=7b31da36165afb05d3d4a295c8014b8dbe46951629e150ee1e4042d96c4b6df6;Path=/;HttpOnly;SameSite=None;Secure;Domain=birthday-bot-c5a0fydvcmebeqag.scm.canadacentral-01.azurewebsites.net" Transfer-Encoding="chunked" X-ARR-LOG-ID="dc4da080-c3c9-4f2d-8de4-bb170fad4d3a" CLIENT-IP="20.81.183.86:35840" X-SITE-DEPLOYMENT-ID="Birthday-Bot" WAS-DEFAULT-HOSTNAME="birthday-bot-c5a0fydvcmebeqag.scm.canadacentral-01.azurewebsites.net" X-Forwarded-Proto="https" X-AppService-Proto="https" X-Forwarded-TlsVersion="1.3" X-WAWS-Unencoded-URL="/api/publish?async=true&amp;deployer=GITHUB_ONE_DEPLOY&amp;type=zip&amp;message=%7B%22type%22%3A%22deployment%22%2C%22sha%22%3A%22851c59a423e5940d6dd17e35a07cf164c29af4f2%22%2C%22repoName%22%3A%22Akz0rt%2FBirthday-Bot%22%2C%22actor%22%3A%22Akz0rt%22%2C%22slotName%22%3A%22Production%22%2C%22commitMessage%22%3A%22ci%3A%20trigger%20azure%20deploy%22%7D" X-Client-IP="20.81.183.86" X-Client-Port="35840" >
  <step title="OneDeploy" date="2026-01-28T10:21:00.456" >
    <step title="None repository commit" date="2026-01-28T10:21:00.470" >
      <step title="Commit id: 4b777b60-84f3-4de6-b208-36a2252d03be" date="2026-01-28T10:21:00.475" Message="N/A" AuthorName="N/A" AuthorEmail="N/A" /><!-- duration: 4ms -->
    </step><!-- duration: 14ms -->
    <step title="Starting PushDeployAsync" date="2026-01-28T10:21:00.489" /><!-- duration: 5ms -->
    <step title="Writing artifact to /tmp/zipdeploy/3017beca-184d-40ee-9fad-c45bb624bee1.zip" date="2026-01-28T10:21:00.597" >
      <step title="Writing multipart request body to /tmp/zipdeploy/3017beca-184d-40ee-9fad-c45bb624bee1.zip" date="2026-01-28T10:21:00.604" /><!-- duration: 11ms -->
    </step><!-- duration: 237ms -->
    <step title="Start deployment in the background" date="2026-01-28T10:21:00.845" >
      <step title="Acquiring Deployment Lock" date="2026-01-28T10:21:00.859" /><!-- duration: 3ms -->
      <step title="Acquired Deployment Lock" date="2026-01-28T10:21:00.890" /><!-- duration: 4ms -->
    </step><!-- duration: 154ms -->
  </step><!-- duration: 551ms -->
  <step title="Outgoing response" date="2026-01-28T10:21:01.018" type="response" statusCode="202" statusText="Accepted" /><!-- duration: 8ms -->
</step><!-- duration: 629ms -->
