<step title="BackgroundTrace" date="2026-01-28T11:40:26.251" instance="7b31da" url="/api/zipdeploy" method="POST" >
  <step title="Creating temporary deployment - FetchDeploymentManager" date="2026-01-28T11:40:26.294" /><!-- duration: 4ms -->
  <step title="Creating temporary deployment" date="2026-01-28T11:40:26.303" /><!-- duration: 58ms -->
  <step title="Performing fetch based deployment" date="2026-01-28T11:40:26.386" >
    <step title="Deployment timer started" date="2026-01-28T11:40:29.594" >
      <step title="DeploymentManager.Deploy(id:7787205a-ca79-41ac-879d-d15b8770bc79)" date="2026-01-28T11:40:29.602" >
        <step title="Collecting changeset information" date="2026-01-28T11:40:29.621" /><!-- duration: 103ms -->
        <step title="Updating submodules" date="2026-01-28T11:40:29.731" /><!-- duration: 1120ms -->
        <step title="Determining deployment builder" date="2026-01-28T11:40:31.899" >
          <step title="Builder is RunFromZipSiteBuilder" date="2026-01-28T11:40:31.908" /><!-- duration: 5ms -->
        </step><!-- duration: 19ms -->
        <step title="PreDeployment: context.CleanOutputPath False" date="2026-01-28T11:40:31.970" >
          <step title="PreDeployment: context.OutputPath /home/site/wwwroot" date="2026-01-28T11:40:32.090" >
            <step title="Building" date="2026-01-28T11:40:32.221" >
              <step title="Triggering recycle (preview mode disabled)." date="2026-01-28T11:40:32.616" /><!-- duration: 4ms -->
              <step title="Modified file to trigger a restart of the app container." date="2026-01-28T11:40:32.642" /><!-- duration: 5ms -->
              <step title="Skip function trigger and logicapp sync because function is not enabled." date="2026-01-28T11:40:32.651" /><!-- duration: 8ms -->
              <step title="Purge deployment items" date="2026-01-28T11:40:34.281" >
                <step title="Remove 4458b5dd-, Success, received at 01/28/2026 10:07:53" date="2026-01-28T11:40:34.359" /><!-- duration: 3ms -->
              </step><!-- duration: 91ms -->
            </step><!-- duration: 2232ms -->
          </step><!-- duration: 2370ms -->
          <step title="Cleaning up temp files" date="2026-01-28T11:40:34.463" /><!-- duration: 5ms -->
          <step title="Cleaning up temp files" date="2026-01-28T11:40:34.473" /><!-- duration: 504ms -->
          <step title="Reloading status file with latest updates" date="2026-01-28T11:40:35.003" >
            <step title="WebHooksManager.PublishEventAsync: PostDeployment" date="2026-01-28T11:40:35.008" /><!-- duration: 24ms -->
          </step><!-- duration: 32ms -->
          <step title="Cleaning up temporary deployment - fetch deployment was successful" date="2026-01-28T11:40:35.041" /><!-- duration: 3ms -->
        </step><!-- duration: 3161ms -->
      </step><!-- duration: 5545ms -->
