<step title="Incoming Request" date="2026-01-28T10:53:46.714" instance="7b31da" url="/api/zipdeploy?isAsync=true" method="POST" type="request" pid="768,1,32" Accept="*/*" Host="birthday-bot-c5a0fydvcmebeqag.scm.canadacentral-01.azurewebsites.net" User-Agent="AZURECLI/2.82.0 (DEB)" Accept-Encoding="gzip, deflate" Authorization="Bea..." Cache-Control="no-cache" Content-Type="application/octet-stream" Content-Length="14768539" x-ms-client-request-id="9c6faf6e-fc37-11f0-a095-000d3a93f1ad" x-ms-artifact-checksum="7329fc89120b57e2ec35b9de7d05570b62a93ac520c1000707f6f4451986dff2" X-ARR-LOG-ID="9c6faf6e-fc37-11f0-a095-000d3a93f1ad" CLIENT-IP="52.154.130.213:15360" X-SITE-DEPLOYMENT-ID="Birthday-Bot" WAS-DEFAULT-HOSTNAME="birthday-bot-c5a0fydvcmebeqag.scm.canadacentral-01.azurewebsites.net" X-Forwarded-Proto="https" X-AppService-Proto="https" X-Forwarded-TlsVersion="1.3" X-WAWS-Unencoded-URL="/api/zipdeploy?isAsync=true" X-Client-IP="52.154.130.213" X-Client-Port="15360" >
  <step title="Cleanup Xml Logs" date="2026-01-28T10:53:46.719" >
    <step title="Cleanup Infos" date="2026-01-28T10:53:46.748" totalFiles="239" totalCleanup="79" /><!-- duration: 15ms -->
  </step><!-- duration: 49ms -->
  <step title="ZipPushDeploy" date="2026-01-28T10:53:46.804" >
    <step title="ZipDeploy. Run from package." date="2026-01-28T10:53:46.814" /><!-- duration: 3ms -->
    <step title="Starting PushDeployAsync" date="2026-01-28T10:53:46.822" /><!-- duration: 3ms -->
    <step title="WEBSITE_RUN_FROM_PACKAGE is set to 1. Writing zip to SitePackagesPath" date="2026-01-28T10:53:46.833" /><!-- duration: 4ms -->
    <step title="Copying zip to SitePackages /home/data/SitePackages/20260128105346.zip from request body" date="2026-01-28T10:53:46.843" /><!-- duration: 5ms -->
    <step title="Writing multipart request body to /home/data/SitePackages/20260128105346.zip" date="2026-01-28T10:53:46.851" /><!-- duration: 4ms -->
    <step title="Start deployment in the background" date="2026-01-28T10:53:47.067" >
      <step title="Acquiring Deployment Lock" date="2026-01-28T10:53:47.089" /><!-- duration: 3ms -->
      <step title="Acquired Deployment Lock" date="2026-01-28T10:53:47.126" /><!-- duration: 3ms -->
    </step><!-- duration: 160ms -->
  </step><!-- duration: 428ms -->
  <step title="Outgoing response" date="2026-01-28T10:53:47.236" type="response" statusCode="202" statusText="Accepted" /><!-- duration: 3ms -->
</step><!-- duration: 528ms -->
