<step title="Incoming Request" date="2026-01-28T11:02:36.667" instance="7b31da" url="/api/zipdeploy?isAsync=true" method="POST" type="request" pid="768,1,24" Accept="*/*" Host="birthday-bot-c5a0fydvcmebeqag.scm.canadacentral-01.azurewebsites.net" User-Agent="AZURECLI/2.82.0 (DEB)" Accept-Encoding="gzip, deflate" Authorization="Bea..." Cache-Control="no-cache" Content-Type="application/octet-stream" Content-Length="14768639" x-ms-client-request-id="d737255e-fc38-11f0-a095-7ced8d703356" x-ms-artifact-checksum="b3a615fa0b81a7661a417340a20520c43d12132ab922816d71d5fba048a52e78" X-ARR-LOG-ID="d737255e-fc38-11f0-a095-7ced8d703356" CLIENT-IP="172.184.175.148:31776" X-SITE-DEPLOYMENT-ID="Birthday-Bot" WAS-DEFAULT-HOSTNAME="birthday-bot-c5a0fydvcmebeqag.scm.canadacentral-01.azurewebsites.net" X-Forwarded-Proto="https" X-AppService-Proto="https" X-Forwarded-TlsVersion="1.3" X-WAWS-Unencoded-URL="/api/zipdeploy?isAsync=true" X-Client-IP="172.184.175.148" X-Client-Port="31776" >
  <step title="Cleanup Xml Logs" date="2026-01-28T11:02:36.689" >
    <step title="Cleanup Infos" date="2026-01-28T11:02:36.731" totalFiles="248" totalCleanup="88" /><!-- duration: 155ms -->
  </step><!-- duration: 369ms -->
  <step title="ZipPushDeploy" date="2026-01-28T11:02:37.122" >
    <step title="ZipDeploy. Run from package." date="2026-01-28T11:02:37.149" /><!-- duration: 16ms -->
    <step title="Starting PushDeployAsync" date="2026-01-28T11:02:37.287" /><!-- duration: 4ms -->
    <step title="WEBSITE_RUN_FROM_PACKAGE is set to 1. Writing zip to SitePackagesPath" date="2026-01-28T11:02:37.305" /><!-- duration: 12ms -->
    <step title="Copying zip to SitePackages /home/data/SitePackages/20260128110237.zip from request body" date="2026-01-28T11:02:37.331" /><!-- duration: 6ms -->
    <step title="Writing multipart request body to /home/data/SitePackages/20260128110237.zip" date="2026-01-28T11:02:37.340" /><!-- duration: 4ms -->
    <step title="Start deployment in the background" date="2026-01-28T11:02:37.900" >
      <step title="Acquiring Deployment Lock" date="2026-01-28T11:02:37.936" /><!-- duration: 4ms -->
      <step title="Acquired Deployment Lock" date="2026-01-28T11:02:37.983" /><!-- duration: 8ms -->
    </step><!-- duration: 195ms -->
  </step><!-- duration: 984ms -->
  <step title="Outgoing response" date="2026-01-28T11:02:38.112" type="response" statusCode="202" statusText="Accepted" /><!-- duration: 4ms -->
</step><!-- duration: 1452ms -->
