<step title="Incoming Request" date="2026-01-28T11:20:46.010" instance="7b31da" url="/api/deployments/latest" method="GET" type="request" pid="768,1,14" Accept="*/*" Host="birthday-bot-c5a0fydvcmebeqag.scm.canadacentral-01.azurewebsites.net" User-Agent="AZURECLI/2.82.0 (DEB)" Accept-Encoding="gzip, deflate" Authorization="Bea..." x-ms-client-request-id="5f0e1f8a-fc3b-11f0-a095-00224808793d" X-ARR-LOG-ID="5f0e1f8a-fc3b-11f0-a095-00224808793d" CLIENT-IP="68.220.58.244:3105" X-SITE-DEPLOYMENT-ID="Birthday-Bot" WAS-DEFAULT-HOSTNAME="birthday-bot-c5a0fydvcmebeqag.scm.canadacentral-01.azurewebsites.net" X-Forwarded-Proto="https" X-AppService-Proto="https" X-Forwarded-TlsVersion="1.3" X-WAWS-Unencoded-URL="/api/deployments/latest" X-Client-IP="68.220.58.244" X-Client-Port="3105" >
  <step title="Cleanup Xml Logs" date="2026-01-28T11:20:46.056" >
    <step title="Cleanup Infos" date="2026-01-28T11:20:46.072" totalFiles="267" totalCleanup="107" /><!-- duration: 9ms -->
  </step><!-- duration: 30ms -->
  <step title="DeploymentService.GetResult" date="2026-01-28T11:20:46.107" >
    <step title="DeploymentService.GetLatestDeployment" date="2026-01-28T11:20:46.109" >
      <step title="DeploymentManager.GetResults" date="2026-01-28T11:20:46.112" /><!-- duration: 637ms -->
    </step><!-- duration: 645ms -->
  </step><!-- duration: 651ms -->
  <step title="Outgoing response" date="2026-01-28T11:20:46.777" type="response" statusCode="202" statusText="Accepted" /><!-- duration: 13ms -->
</step><!-- duration: 782ms -->
