<step title="Incoming Request" date="2026-01-28T08:56:46.199" instance="7b31da" url="/api/publish?async=true&amp;deployer=GITHUB_ONE_DEPLOY&amp;type=zip&amp;message=%7B%22type%22%3A%22deployment%22%2C%22sha%22%3A%22537d235944b41e18021418ca08b1acdc5f12789b%22%2C%22repoName%22%3A%22Akz0rt%2FBirthday-Bot%22%2C%22actor%22%3A%22Akz0rt%22%2C%22slotName%22%3A%22Production%22%2C%22commitMessage%22%3A%22Merge%20branch%20%27main%27%20of%20https%3A%2F%2Fgithub.com%2FAkz0rt%2FBirthday-Bot%22%7D" method="POST" type="request" pid="851,1,7" Host="birthday-bot-c5a0fydvcmebeqag.scm.canadacentral-01.azurewebsites.net" User-Agent="GITHUBACTIONS_DeployWebAppToAzure_5a5765d1263f789009156e781ab8d44f4dd127fa521ea480dcd42c522fe8fe3a" Authorization="Bea..." Content-Type="application/octet-stream" Cookie="ARRAffinity=7b31da36165afb05d3d4a295c8014b8dbe46951629e150ee1e4042d96c4b6df6;Path=/;HttpOnly;Secure;Domain=birthday-bot-c5a0fydvcmebeqag.scm.canadacentral-01.azurewebsites.net; ARRAffinitySameSite=7b31da36165afb05d3d4a295c8014b8dbe46951629e150ee1e4042d96c4b6df6;Path=/;HttpOnly;SameSite=None;Secure;Domain=birthday-bot-c5a0fydvcmebeqag.scm.canadacentral-01.azurewebsites.net" Transfer-Encoding="chunked" X-ARR-LOG-ID="d4cac51b-6e74-496d-8b36-efaa5333987e" CLIENT-IP="64.236.200.98:60417" X-SITE-DEPLOYMENT-ID="Birthday-Bot" WAS-DEFAULT-HOSTNAME="birthday-bot-c5a0fydvcmebeqag.scm.canadacentral-01.azurewebsites.net" X-Forwarded-Proto="https" X-AppService-Proto="https" X-Forwarded-TlsVersion="1.3" X-WAWS-Unencoded-URL="/api/publish?async=true&amp;deployer=GITHUB_ONE_DEPLOY&amp;type=zip&amp;message=%7B%22type%22%3A%22deployment%22%2C%22sha%22%3A%22537d235944b41e18021418ca08b1acdc5f12789b%22%2C%22repoName%22%3A%22Akz0rt%2FBirthday-Bot%22%2C%22actor%22%3A%22Akz0rt%22%2C%22slotName%22%3A%22Production%22%2C%22commitMessage%22%3A%22Merge%20branch%20%27main%27%20of%20https%3A%2F%2Fgithub.com%2FAkz0rt%2FBirthday-Bot%22%7D" X-Client-IP="64.236.200.98" X-Client-Port="60417" >
  <step title="Cleanup Xml Logs" date="2026-01-28T08:56:46.203" /><!-- duration: 10ms -->
  <step title="OneDeploy" date="2026-01-28T08:56:46.266" >
    <step title="None repository commit" date="2026-01-28T08:56:46.346" >
      <step title="Commit id: a9a1b590-52e1-4854-9b4b-0f79a52373aa" date="2026-01-28T08:56:46.356" Message="N/A" AuthorName="N/A" AuthorEmail="N/A" /><!-- duration: 4ms -->
    </step><!-- duration: 18ms -->
    <step title="Starting PushDeployAsync" date="2026-01-28T08:56:46.368" /><!-- duration: 5ms -->
    <step title="Removing node_modules symlink" date="2026-01-28T08:56:46.410" >
      <step title="Removing _del_node_modules symlink" date="2026-01-28T08:56:46.935" >
        <step title="Writing artifact to /tmp/zipdeploy/f221b4ec-1604-40d6-9a15-ac4747d1c13d.zip" date="2026-01-28T08:56:47.128" >
          <step title="Writing multipart request body to /tmp/zipdeploy/f221b4ec-1604-40d6-9a15-ac4747d1c13d.zip" date="2026-01-28T08:56:47.133" /><!-- duration: 4ms -->
        </step><!-- duration: 201ms -->
        <step title="Start deployment in the background" date="2026-01-28T08:56:47.343" >
          <step title="Acquiring Deployment Lock" date="2026-01-28T08:56:47.358" /><!-- duration: 4ms -->
          <step title="Acquired Deployment Lock" date="2026-01-28T08:56:47.408" /><!-- duration: 4ms -->
        </step><!-- duration: 155ms -->
      </step><!-- duration: 633ms -->
      <step title="Outgoing response" date="2026-01-28T08:56:47.576" type="response" statusCode="202" statusText="Accepted" /><!-- duration: 4ms -->
    </step><!-- duration: 1173ms -->
