<step title="BackgroundTrace" date="2026-01-28T09:55:58.183" instance="7b31da" url="/api/publish" method="POST" >
  <step title="Creating temporary deployment - FetchDeploymentManager" date="2026-01-28T09:55:58.234" /><!-- duration: 3ms -->
  <step title="Creating temporary deployment" date="2026-01-28T09:55:58.254" /><!-- duration: 41ms -->
  <step title="Performing fetch based deployment" date="2026-01-28T09:55:58.345" >
    <step title="Cleaning up temp folders from previous zip deployments and extracting pushed zip file /tmp/zipdeploy/dabc97a7-f452-44d8-9ca8-c3b5be121ea1.zip (19.28 MB) to /tmp/zipdeploy/extracted" date="2026-01-28T09:55:59.708" >
      <step title="ChmodRecursive Process exited with total time taken in ms: 163" date="2026-01-28T09:56:17.854" /><!-- duration: 4ms -->
    </step><!-- duration: 18153ms -->
    <step title="Deployment timer started" date="2026-01-28T09:56:19.868" >
      <step title="DeploymentManager.Deploy(id:70d3320f-3a14-4d3f-91cd-8309327966ae)" date="2026-01-28T09:56:19.875" >
        <step title="Collecting changeset information" date="2026-01-28T09:56:19.890" /><!-- duration: 114ms -->
        <step title="Updating submodules" date="2026-01-28T09:56:20.011" /><!-- duration: 1393ms -->
        <step title="Determining deployment builder" date="2026-01-28T09:56:21.685" >
          <step title="Builder is OneDeployBuilder" date="2026-01-28T09:56:21.705" /><!-- duration: 4ms -->
        </step><!-- duration: 28ms -->
        <step title="PreDeployment: context.CleanOutputPath False" date="2026-01-28T09:56:21.810" >
          <step title="PreDeployment: context.OutputPath /home/site/wwwroot" date="2026-01-28T09:56:21.976" >
            <step title="Building" date="2026-01-28T09:56:22.153" >
              <step title="Executing external process" date="2026-01-28T09:56:23.033" type="process" path="starter.sh" arguments="/opt/Kudu/Scripts/absoluteTar.sh /tmp/zipdeploy/extracted/node_modules /tmp/zipdeploy/extracted/node_modules.tar.gz" /><!-- duration: 1490ms -->
              <step title="Executing external process" date="2026-01-28T09:56:24.962" type="process" path="starter.sh" arguments="/opt/Kudu/Scripts/parallel_rsync.sh /tmp/zipdeploy/extracted /home/site/wwwroot 8 /tmp/ False False node_modules " /><!-- duration: 6828ms -->
              <step title="Modified file to trigger a restart of the app container." date="2026-01-28T09:56:32.915" /><!-- duration: 5ms -->
              <step title="Skip function trigger and logicapp sync because function is not enabled." date="2026-01-28T09:56:32.924" /><!-- duration: 5ms -->
            </step><!-- duration: 12115ms -->
          </step><!-- duration: 12302ms -->
          <step title="Cleaning up temp files" date="2026-01-28T09:56:34.282" /><!-- duration: 9ms -->
          <step title="Cleaning up temp files" date="2026-01-28T09:56:34.298" /><!-- duration: 505ms -->
          <step title="Reloading status file with latest updates" date="2026-01-28T09:56:34.864" >
            <step title="WebHooksManager.PublishEventAsync: PostDeployment" date="2026-01-28T09:56:34.868" /><!-- duration: 53ms -->
          </step><!-- duration: 60ms -->
          <step title="Cleaning up temporary deployment - fetch deployment was successful" date="2026-01-28T09:56:34.930" /><!-- duration: 5ms -->
        </step><!-- duration: 13212ms -->
      </step><!-- duration: 15166ms -->
