<step title="Incoming Request" date="2026-01-28T11:37:34.920" instance="7b31da" url="/api/zipdeploy?isAsync=true" method="POST" type="request" pid="771,1,20" Accept="*/*" Host="birthday-bot-c5a0fydvcmebeqag.scm.canadacentral-01.azurewebsites.net" User-Agent="AZURECLI/2.82.0 (DEB)" Accept-Encoding="gzip, deflate" Authorization="Bea..." Cache-Control="no-cache" Content-Type="application/octet-stream" Content-Length="38925" x-ms-client-request-id="baea6438-fc3d-11f0-a095-7ced8dc9a529" x-ms-artifact-checksum="686ed9decf99efaf7a22560f2eae50e61e1af5169cda75eb1a4ff4394fb84817" X-ARR-LOG-ID="baea6438-fc3d-11f0-a095-7ced8dc9a529" CLIENT-IP="64.236.176.194:15360" X-SITE-DEPLOYMENT-ID="Birthday-Bot" WAS-DEFAULT-HOSTNAME="birthday-bot-c5a0fydvcmebeqag.scm.canadacentral-01.azurewebsites.net" X-Forwarded-Proto="https" X-AppService-Proto="https" X-Forwarded-TlsVersion="1.3" X-WAWS-Unencoded-URL="/api/zipdeploy?isAsync=true" X-Client-IP="64.236.176.194" X-Client-Port="15360" >
  <step title="Cleanup Xml Logs" date="2026-01-28T11:37:34.923" >
    <step title="Cleanup Infos" date="2026-01-28T11:37:34.938" totalFiles="449" totalCleanup="289" /><!-- duration: 5ms -->
  </step><!-- duration: 23ms -->
  <step title="ZipPushDeploy" date="2026-01-28T11:37:35.038" >
    <step title="ZipDeploy. Run from package." date="2026-01-28T11:37:35.053" /><!-- duration: 4ms -->
    <step title="None repository commit" date="2026-01-28T11:37:35.107" >
      <step title="Commit id: 1450bb38-b8e7-414a-8695-9281cc63d671" date="2026-01-28T11:37:35.111" Message="N/A" AuthorName="N/A" AuthorEmail="N/A" /><!-- duration: 4ms -->
    </step><!-- duration: 12ms -->
    <step title="Starting PushDeployAsync" date="2026-01-28T11:37:35.123" /><!-- duration: 3ms -->
    <step title="WEBSITE_RUN_FROM_PACKAGE is set to 1. Writing zip to SitePackagesPath" date="2026-01-28T11:37:35.154" /><!-- duration: 6ms -->
    <step title="Copying zip to SitePackages /home/data/SitePackages/20260128113735.zip from request body" date="2026-01-28T11:37:35.169" /><!-- duration: 5ms -->
    <step title="Writing multipart request body to /home/data/SitePackages/20260128113735.zip" date="2026-01-28T11:37:35.179" /><!-- duration: 4ms -->
    <step title="Deleting outdated zip file /home/data/SitePackages/20260128105356.zip" date="2026-01-28T11:37:35.254" /><!-- duration: 19ms -->
    <step title="Start deployment in the background" date="2026-01-28T11:37:35.288" >
      <step title="Acquiring Deployment Lock" date="2026-01-28T11:37:35.300" /><!-- duration: 5ms -->
      <step title="Acquired Deployment Lock" date="2026-01-28T11:37:35.366" /><!-- duration: 4ms -->
    </step><!-- duration: 160ms -->
  </step><!-- duration: 419ms -->
  <step title="Outgoing response" date="2026-01-28T11:37:35.463" type="response" statusCode="202" statusText="Accepted" /><!-- duration: 4ms -->
</step><!-- duration: 550ms -->
