<step title="Incoming Request" date="2026-01-28T10:39:04.962" instance="7b31da" url="/api/zipdeploy?isAsync=true" method="POST" type="request" pid="768,1,19" Accept="*/*" Host="birthday-bot-c5a0fydvcmebeqag.scm.canadacentral-01.azurewebsites.net" User-Agent="AZURECLI/2.82.0 (DEB)" Accept-Encoding="gzip, deflate" Authorization="Bea..." Cache-Control="no-cache" Content-Type="application/octet-stream" Content-Length="20562962" x-ms-client-request-id="8ec21afc-fc35-11f0-a095-6045bdd391b7" x-ms-artifact-checksum="54433cbef8653c0b3db31130ad2cdee7cc74dd89ac6511730d4b7d2ef3569253" X-ARR-LOG-ID="8ec21afc-fc35-11f0-a095-6045bdd391b7" CLIENT-IP="4.227.135.145:59400" X-SITE-DEPLOYMENT-ID="Birthday-Bot" WAS-DEFAULT-HOSTNAME="birthday-bot-c5a0fydvcmebeqag.scm.canadacentral-01.azurewebsites.net" X-Forwarded-Proto="https" X-AppService-Proto="https" X-Forwarded-TlsVersion="1.3" X-WAWS-Unencoded-URL="/api/zipdeploy?isAsync=true" X-Client-IP="4.227.135.145" X-Client-Port="59400" >
  <step title="ZipPushDeploy" date="2026-01-28T10:39:05.126" >
    <step title="ZipDeploy. Run from package." date="2026-01-28T10:39:05.131" /><!-- duration: 7ms -->
    <step title="None repository commit" date="2026-01-28T10:39:05.144" >
      <step title="Commit id: 5a83f61b-f7f3-4a2f-9c13-ea9828da7d29" date="2026-01-28T10:39:05.147" Message="N/A" AuthorName="N/A" AuthorEmail="N/A" /><!-- duration: 3ms -->
    </step><!-- duration: 9ms -->
    <step title="Starting PushDeployAsync" date="2026-01-28T10:39:05.157" /><!-- duration: 3ms -->
    <step title="WEBSITE_RUN_FROM_PACKAGE is set to 1. Writing zip to SitePackagesPath" date="2026-01-28T10:39:05.167" /><!-- duration: 3ms -->
    <step title="Copying zip to SitePackages /home/data/SitePackages/20260128103905.zip from request body" date="2026-01-28T10:39:05.181" /><!-- duration: 3ms -->
    <step title="Writing multipart request body to /home/data/SitePackages/20260128103905.zip" date="2026-01-28T10:39:05.187" /><!-- duration: 4ms -->
    <step title="Start deployment in the background" date="2026-01-28T10:39:05.497" >
      <step title="Acquiring Deployment Lock" date="2026-01-28T10:39:05.521" /><!-- duration: 3ms -->
      <step title="Acquired Deployment Lock" date="2026-01-28T10:39:05.564" /><!-- duration: 4ms -->
    </step><!-- duration: 164ms -->
  </step><!-- duration: 543ms -->
  <step title="Outgoing response" date="2026-01-28T10:39:05.679" type="response" statusCode="202" statusText="Accepted" /><!-- duration: 3ms -->
</step><!-- duration: 724ms -->
