<step title="Incoming Request" date="2026-01-28T10:20:22.727" instance="7b31da" url="/api/zipdeploy?isAsync=true" method="POST" type="request" pid="851,1,27" Accept="*/*" Host="birthday-bot-c5a0fydvcmebeqag.scm.canadacentral-01.azurewebsites.net" User-Agent="AZURECLI/2.82.0 (DEB)" Accept-Encoding="gzip, deflate" Authorization="Bea..." Cache-Control="no-cache" Content-Type="application/octet-stream" Content-Length="20561733" x-ms-client-request-id="f117b78c-fc32-11f0-a095-7ced8dc83100" x-ms-artifact-checksum="25626dea78bb9f43c4ee23c3c7a46f93e18db8ec4720999f5b1f06ce9ccfea59" X-ARR-LOG-ID="f117b78c-fc32-11f0-a095-7ced8dc83100" CLIENT-IP="64.236.134.214:35840" X-SITE-DEPLOYMENT-ID="Birthday-Bot" WAS-DEFAULT-HOSTNAME="birthday-bot-c5a0fydvcmebeqag.scm.canadacentral-01.azurewebsites.net" X-Forwarded-Proto="https" X-AppService-Proto="https" X-Forwarded-TlsVersion="1.3" X-WAWS-Unencoded-URL="/api/zipdeploy?isAsync=true" X-Client-IP="64.236.134.214" X-Client-Port="35840" >
  <step title="Cleanup Xml Logs" date="2026-01-28T10:20:22.732" /><!-- duration: 19ms -->
  <step title="ZipPushDeploy" date="2026-01-28T10:20:23.331" >
    <step title="ZipDeploy. Extract zip." date="2026-01-28T10:20:23.340" /><!-- duration: 4ms -->
    <step title="Starting PushDeployAsync" date="2026-01-28T10:20:23.350" /><!-- duration: 4ms -->
    <step title="Writing artifact to /tmp/zipdeploy/dddbd5e8-aed9-4ed0-b2cf-bc9f94eecbb4.zip" date="2026-01-28T10:20:23.366" >
      <step title="Writing multipart request body to /tmp/zipdeploy/dddbd5e8-aed9-4ed0-b2cf-bc9f94eecbb4.zip" date="2026-01-28T10:20:23.370" /><!-- duration: 11ms -->
    </step><!-- duration: 178ms -->
    <step title="Start deployment in the background" date="2026-01-28T10:20:23.557" >
      <step title="Acquiring Deployment Lock" date="2026-01-28T10:20:23.580" /><!-- duration: 4ms -->
      <step title="Acquired Deployment Lock" date="2026-01-28T10:20:23.619" /><!-- duration: 3ms -->
    </step><!-- duration: 146ms -->
  </step><!-- duration: 378ms -->
  <step title="Outgoing response" date="2026-01-28T10:20:23.716" type="response" statusCode="202" statusText="Accepted" /><!-- duration: 4ms -->
</step><!-- duration: 996ms -->
