<step title="Incoming Request" date="2026-01-28T11:20:41.330" instance="7b31da" url="/api/zipdeploy?isAsync=true" method="POST" type="request" pid="768,1,5" Accept="*/*" Host="birthday-bot-c5a0fydvcmebeqag.scm.canadacentral-01.azurewebsites.net" User-Agent="AZURECLI/2.82.0 (DEB)" Accept-Encoding="gzip, deflate" Authorization="Bea..." Cache-Control="no-cache" Content-Type="application/octet-stream" Content-Length="38880" x-ms-client-request-id="5f0e1f8a-fc3b-11f0-a095-00224808793d" x-ms-artifact-checksum="4d7fdcd1fd261ce05e9336a67088d756c4ff2d8bc137addabdaa1c6cf5d6d0f1" X-ARR-LOG-ID="5f0e1f8a-fc3b-11f0-a095-00224808793d" CLIENT-IP="68.220.58.244:3104" X-SITE-DEPLOYMENT-ID="Birthday-Bot" WAS-DEFAULT-HOSTNAME="birthday-bot-c5a0fydvcmebeqag.scm.canadacentral-01.azurewebsites.net" X-Forwarded-Proto="https" X-AppService-Proto="https" X-Forwarded-TlsVersion="1.3" X-WAWS-Unencoded-URL="/api/zipdeploy?isAsync=true" X-Client-IP="68.220.58.244" X-Client-Port="3104" >
  <step title="Cleanup Xml Logs" date="2026-01-28T11:20:41.333" >
    <step title="Cleanup Infos" date="2026-01-28T11:20:41.343" totalFiles="265" totalCleanup="105" /><!-- duration: 5ms -->
  </step><!-- duration: 18ms -->
  <step title="ZipPushDeploy" date="2026-01-28T11:20:41.515" >
    <step title="ZipDeploy. Extract zip. Remote build." date="2026-01-28T11:20:41.521" /><!-- duration: 3ms -->
    <step title="None repository commit" date="2026-01-28T11:20:41.558" >
      <step title="Commit id: 71912ce2-91ca-4b26-b118-204522dc6853" date="2026-01-28T11:20:41.562" Message="N/A" AuthorName="N/A" AuthorEmail="N/A" /><!-- duration: 3ms -->
    </step><!-- duration: 17ms -->
    <step title="Starting PushDeployAsync" date="2026-01-28T11:20:41.578" /><!-- duration: 3ms -->
    <step title="Writing artifact to /tmp/zipdeploy/5fa71e2c-4e3f-4b3f-bd42-f257216c2e66.zip" date="2026-01-28T11:20:41.594" >
      <step title="Writing multipart request body to /tmp/zipdeploy/5fa71e2c-4e3f-4b3f-bd42-f257216c2e66.zip" date="2026-01-28T11:20:41.597" /><!-- duration: 8ms -->
    </step><!-- duration: 30ms -->
    <step title="Start deployment in the background" date="2026-01-28T11:20:41.631" >
      <step title="Acquiring Deployment Lock" date="2026-01-28T11:20:41.644" /><!-- duration: 4ms -->
      <step title="Acquired Deployment Lock" date="2026-01-28T11:20:41.688" /><!-- duration: 3ms -->
    </step><!-- duration: 142ms -->
  </step><!-- duration: 265ms -->
  <step title="Outgoing response" date="2026-01-28T11:20:41.790" type="response" statusCode="202" statusText="Accepted" /><!-- duration: 8ms -->
</step><!-- duration: 471ms -->
