<step title="BackgroundTrace" date="2026-01-28T10:09:30.426" instance="7b31da" url="/api/zipdeploy" method="POST" >
  <step title="Creating temporary deployment - FetchDeploymentManager" date="2026-01-28T10:09:30.475" /><!-- duration: 3ms -->
  <step title="Creating temporary deployment" date="2026-01-28T10:09:30.482" /><!-- duration: 66ms -->
  <step title="Performing fetch based deployment" date="2026-01-28T10:09:30.578" >
    <step title="Cleaning up temp folders from previous zip deployments and extracting pushed zip file /tmp/zipdeploy/47466302-5358-432f-be44-c1f726e30bfa.zip (19.61 MB) to /tmp/zipdeploy/extracted" date="2026-01-28T10:09:31.746" >
      <step title="ChmodRecursive Process exited with total time taken in ms: 293" date="2026-01-28T10:09:49.520" /><!-- duration: 4ms -->
    </step><!-- duration: 17785ms -->
    <step title="Deployment timer started" date="2026-01-28T10:09:51.553" >
      <step title="DeploymentManager.Deploy(id:e93a22fb-1bca-4bee-9084-13113b1f2be0)" date="2026-01-28T10:09:51.558" >
        <step title="Collecting changeset information" date="2026-01-28T10:09:51.578" /><!-- duration: 163ms -->
        <step title="Updating submodules" date="2026-01-28T10:09:51.760" /><!-- duration: 1158ms -->
        <step title="Determining deployment builder" date="2026-01-28T10:09:53.171" >
          <step title="Builder is BasicBuilder" date="2026-01-28T10:09:53.180" /><!-- duration: 5ms -->
        </step><!-- duration: 18ms -->
        <step title="PreDeployment: context.CleanOutputPath False" date="2026-01-28T10:09:53.248" >
          <step title="PreDeployment: context.OutputPath /home/site/wwwroot" date="2026-01-28T10:09:53.377" >
            <step title="Building" date="2026-01-28T10:09:53.524" >
              <step title="Executing external process" date="2026-01-28T10:09:54.352" type="process" path="starter.sh" arguments="/opt/Kudu/Scripts/absoluteTar.sh /tmp/zipdeploy/extracted/node_modules /tmp/zipdeploy/extracted/node_modules.tar.gz" /><!-- duration: 1516ms -->
              <step title="Executing external process" date="2026-01-28T10:09:56.135" type="process" path="starter.sh" arguments="/opt/Kudu/Scripts/parallel_rsync.sh /tmp/zipdeploy/extracted /home/site/wwwroot 8 /tmp/ False True node_modules " >
                <step title="Process dump" date="2026-01-28T10:10:03.090" exitCode="123" type="processOutput" /><!-- duration: 5ms -->
              </step><!-- duration: 6964ms -->
              <step title="Error occurred" date="2026-01-28T10:10:03.123" type="error" text="rsync: [generator] recv_generator: failed to stat &quot;/home/site/wwwroot/src\index.js&quot;: Invalid argument (22)
rsync: [generator] recv_generator: failed to stat &quot;/home/site/wwwroot/src\commands\birthdays-coming.js&quot;: Invalid argument (22)
rsync: [generator] recv_generator: failed to stat &quot;/home/site/wwwroot/src\config.js&quot;: Invalid argument (22)
rsync: [generator] recv_generator: failed to stat &quot;/home/site/wwwroot/src\services\BirthdayService.js&quot;: Invalid argument (22)
rsync: [generator] recv_generator: failed to stat &quot;/home/site/wwwroot/src\services\SchedulerService.js&quot;: Invalid argument (22)
rsync: [generator] recv_generator: failed to stat &quot;/home/site/wwwroot/src\utils\dateUtils.js&quot;: Invalid argument (22)
rsync: [generator] recv_generator: failed to stat &quot;/home/site/wwwroot/src\services\NotificationService.js&quot;: Invalid argument (22)
rsync: [generator] recv_generator: failed to stat &quot;/home/site/wwwroot/src\commands\birthday-set.js&quot;: Invalid argument (22)
rsync: [generator] recv_generator: failed to stat &quot;/home/site/wwwroot/src\commands\birthday.js&quot;: Invalid argument (22)
rsync: [generator] recv_generator: failed to stat &quot;/home/site/wwwroot/src\deploy-commands.js&quot;: Invalid argument (22)
rsync: [generator] recv_generator: failed to stat &quot;/home/site/wwwroot/src\services\CosmosDBService.js&quot;: Invalid argument (22)
rsync error: some files/attrs were not transferred (see previous errors) (code 23) at main.c(1338) [sender=3.2.7]
rsync: [generator] recv_generator: failed to stat &quot;/home/site/wwwroot/src\commands\birthday-set.js&quot;: Invalid argument (22)
rsync: [generator] recv_generator: failed to stat &quot;/home/site/wwwroot/src\commands\birthday.js&quot;: Invalid argument (22)
rsync: [generator] recv_generator: failed to stat &quot;/home/site/wwwroot/src\deploy-commands.js&quot;: Invalid argument (22)
rsync: [generator] recv_generator: failed to stat &quot;/home/site/wwwroot/src\services\CosmosDBService.js&quot;: Invalid argument (22)
rsync error: some files/attrs were not transferred (see previous errors) (code 23) at main.c(1338) [sender=3.2.7]
rsync: [generator] recv_generator: failed to stat &quot;/home/site/wwwroot/src\commands\birthdays-coming.js&quot;: Invalid argument (22)
rsync: [generator] recv_generator: failed to stat &quot;/home/site/wwwroot/src\config.js&quot;: Invalid argument (22)
rsync: [generator] recv_generator: failed to stat &quot;/home/site/wwwroot/src\services\BirthdayService.js&quot;: Invalid argument (22)
rsync: [generator] recv_generator: failed to stat &quot;/home/site/wwwroot/src\services\SchedulerService.js&quot;: Invalid argument (22)
rsync: [generator] recv_generator: failed to stat &quot;/home/site/wwwroot/src\utils\dateUtils.js&quot;: Invalid argument (22)
rsync error: some files/attrs were not transferred (see previous errors) (code 23) at main.c(1338) [sender=3.2.7]
rsync error: some files/attrs were not transferred (see previous errors) (code 23) at main.c(1338) [sender=3.2.7]
rsync error: some files/attrs were not transferred (see previous errors) (code 23) at main.c(1338) [sender=3.2.7]
rsync: [generator] recv_generator: failed to stat &quot;/home/site/wwwroot/src\index.js&quot;: Invalid argument (22)
rsync error: some files/attrs were not transferred (see previous errors) (code 23) at main.c(1338) [sender=3.2.7]
rsync error: some files/attrs were not transferred (see previous errors) (code 23) at main.c(1338) [sender=3.2.7]
rsync: [generator] recv_generator: failed to stat &quot;/home/site/wwwroot/src\services\NotificationService.js&quot;: Invalid argument (22)
rsync error: some files/attrs were not transferred (see previous errors) (code 23) at main.c(1338) [sender=3.2.7]
/opt/Kudu/Scripts/starter.sh /opt/Kudu/Scripts/parallel_rsync.sh /tmp/zipdeploy/extracted /home/site/wwwroot 8 /tmp/ False True node_modules " stackTrace="   at Kudu.Core.Infrastructure.Executable.ExecuteInternal(ITracer tracer, Func`2 onWriteOutput, Func`2 onWriteError, CancellationToken token, Encoding encoding, String arguments, Object[] args) in /tmp/KuduLite/Kudu.Core/Infrastructure/Executable.cs:line 239
   at Kudu.Core.Infrastructure.Executable.ExecuteWithProgressWriter(ILogger logger, ITracer tracer, CancellationToken token, String arguments, Object[] args) in /tmp/KuduLite/Kudu.Core/Infrastructure/Executable.cs:line 118
   at Kudu.Core.Deployment.Generator.ExternalCommandBuilder.RunCommand(DeploymentContext context, String command, Boolean ignoreManifest, CancellationToken token, String message) in /tmp/KuduLite/Kudu.Core/Deployment/Generator/ExternalCommandBuilder.cs:line 122" /><!-- duration: 5ms -->
              <step title="Executing external process" date="2026-01-28T10:10:03.522" type="process" path="starter.sh" arguments="/opt/Kudu/Scripts/parallel_rsync.sh /tmp/zipdeploy/extracted /home/site/wwwroot 8 /tmp/ False True  " >
                <step title="Cpu: rsync(2523,0.270s)+rsync(2511,0.190s)+rsync(2503,0.390s)+bash(2499,0.000s)+rsync(2524,0.250s)+rsync(2508,0.170s)+rsync(2504,0.420s)+bash(2500,0.000s)+rsync(2530,0.270s)+rsync(2510,0.180s)+rsync(2507,0.520s)+bash(2501,0.000s)+rsync(2528,0.260s)+rsync(2512,0.180s)+rsync(2505,0.540s)+bash(2502,0.000s)+rsync(2526,0.270s)+rsync(2514,0.180s)+rsync(2513,0.540s)+bash(2506,0.000s)+rsync(2529,0.250s)+rsync(2520,0.190s)+rsync(2517,0.540s)+bash(2509,0.000s)+rsync(2525,0.280s)+rsync(2521,0.210s)+rsync(2519,0.460s)+bash(2515,0.000s)+rsync(2527,0.280s)+rsync(2522,0.220s)+rsync(2518,0.510s)+bash(2516,0.000s)+xargs(2498,0.000s)+parallel_rsync.sh(2488,0.010s)=total(7.580s)" date="2026-01-28T10:11:06.610" /><!-- duration: 59ms -->
                <step title="starter.sh: no io activity for 61s, prev-cpu=-1.000s, current-cpu=7.580s" date="2026-01-28T10:11:06.673" /><!-- duration: 16ms -->
                <step title="Cpu: rsync(2523,0.460s)+rsync(2511,0.190s)+rsync(2503,0.410s)+bash(2499,0.000s)+rsync(2524,0.490s)+rsync(2508,0.170s)+rsync(2504,0.430s)+bash(2500,0.000s)+rsync(2530,0.520s)+rsync(2510,0.180s)+rsync(2507,0.550s)+bash(2501,0.000s)+rsync(2528,0.510s)+rsync(2512,0.180s)+rsync(2505,0.580s)+bash(2502,0.000s)+rsync(2526,0.510s)+rsync(2514,0.180s)+rsync(2513,0.550s)+bash(2506,0.000s)+rsync(2529,0.500s)+rsync(2520,0.190s)+rsync(2517,0.580s)+bash(2509,0.000s)+rsync(2525,0.530s)+rsync(2521,0.210s)+rsync(2519,0.480s)+bash(2515,0.000s)+rsync(2527,0.550s)+rsync(2522,0.220s)+rsync(2518,0.520s)+bash(2516,0.000s)+xargs(2498,0.000s)+parallel_rsync.sh(2488,0.010s)=total(9.700s)" date="2026-01-28T10:12:07.007" /><!-- duration: 18ms -->
                <step title="starter.sh: no io activity for 121s, prev-cpu=7.580s, current-cpu=9.700s" date="2026-01-28T10:12:07.045" /><!-- duration: 39ms -->
                <step title="Cpu: rsync(2523,0.820s)+rsync(2511,0.190s)+rsync(2503,0.420s)+bash(2499,0.000s)+rsync(2524,0.840s)+rsync(2508,0.170s)+rsync(2504,0.450s)+bash(2500,0.000s)+rsync(2530,0.960s)+rsync(2510,0.180s)+rsync(2507,0.670s)+bash(2501,0.000s)+rsync(2528,0.890s)+rsync(2512,0.180s)+rsync(2505,0.630s)+bash(2502,0.000s)+rsync(2526,0.900s)+rsync(2514,0.180s)+rsync(2513,0.670s)+bash(2506,0.000s)+rsync(2529,0.910s)+rsync(2520,0.190s)+rsync(2517,0.610s)+bash(2509,0.000s)+rsync(2525,0.950s)+rsync(2521,0.210s)+rsync(2519,0.510s)+bash(2515,0.000s)+rsync(2527,0.950s)+rsync(2522,0.220s)+rsync(2518,0.520s)+bash(2516,0.000s)+xargs(2498,0.000s)+parallel_rsync.sh(2488,0.010s)=total(13.230s)" date="2026-01-28T10:13:07.192" /><!-- duration: 33ms -->
                <step title="starter.sh: no io activity for 181s, prev-cpu=9.700s, current-cpu=13.230s" date="2026-01-28T10:13:07.239" /><!-- duration: 27ms -->
                <step title="Process dump" date="2026-01-28T10:14:09.797" exitCode="123" type="processOutput" /><!-- duration: 12ms -->
              </step><!-- duration: 246292ms -->
              <step title="Error occurred" date="2026-01-28T10:14:09.829" type="error" text="rsync: [generator] recv_generator: failed to stat &quot;/home/site/wwwroot/src\index.js&quot;: Invalid argument (22)
rsync: [generator] recv_generator: failed to stat &quot;/home/site/wwwroot/src\services\NotificationService.js&quot;: Invalid argument (22)
rsync: [generator] recv_generator: failed to stat &quot;/home/site/wwwroot/src\commands\birthday-set.js&quot;: Invalid argument (22)
rsync: [generator] recv_generator: failed to stat &quot;/home/site/wwwroot/src\commands\birthday.js&quot;: Invalid argument (22)
rsync: [generator] recv_generator: failed to stat &quot;/home/site/wwwroot/src\commands\birthdays-coming.js&quot;: Invalid argument (22)
rsync: [generator] recv_generator: failed to stat &quot;/home/site/wwwroot/src\config.js&quot;: Invalid argument (22)
rsync: [generator] recv_generator: failed to stat &quot;/home/site/wwwroot/src\deploy-commands.js&quot;: Invalid argument (22)
rsync: [generator] recv_generator: failed to stat &quot;/home/site/wwwroot/src\services\BirthdayService.js&quot;: Invalid argument (22)
rsync: [generator] recv_generator: failed to stat &quot;/home/site/wwwroot/src\services\CosmosDBService.js&quot;: Invalid argument (22)
rsync: [generator] recv_generator: failed to stat &quot;/home/site/wwwroot/src\services\SchedulerService.js&quot;: Invalid argument (22)
rsync: [generator] recv_generator: failed to stat &quot;/home/site/wwwroot/src\utils\dateUtils.js&quot;: Invalid argument (22)
rsync error: some files/attrs were not transferred (see previous errors) (code 23) at main.c(1338) [sender=3.2.7]
rsync: [generator] recv_generator: failed to stat &quot;/home/site/wwwroot/src\index.js&quot;: Invalid argument (22)
rsync: [generator] recv_generator: failed to stat &quot;/home/site/wwwroot/src\services\NotificationService.js&quot;: Invalid argument (22)
rsync error: some files/attrs were not transferred (see previous errors) (code 23) at main.c(1338) [sender=3.2.7]
rsync error: some files/attrs were not transferred (see previous errors) (code 23) at main.c(1338) [sender=3.2.7]
rsync: [generator] recv_generator: failed to stat &quot;/home/site/wwwroot/src\commands\birthday-set.js&quot;: Invalid argument (22)
rsync: [generator] recv_generator: failed to stat &quot;/home/site/wwwroot/src\commands\birthday.js&quot;: Invalid argument (22)
rsync: [generator] recv_generator: failed to stat &quot;/home/site/wwwroot/src\commands\birthdays-coming.js&quot;: Invalid argument (22)
rsync: [generator] recv_generator: failed to stat &quot;/home/site/wwwroot/src\config.js&quot;: Invalid argument (22)
rsync: [generator] recv_generator: failed to stat &quot;/home/site/wwwroot/src\deploy-commands.js&quot;: Invalid argument (22)
rsync: [generator] recv_generator: failed to stat &quot;/home/site/wwwroot/src\services\BirthdayService.js&quot;: Invalid argument (22)
rsync: [generator] recv_generator: failed to stat &quot;/home/site/wwwroot/src\services\CosmosDBService.js&quot;: Invalid argument (22)
rsync: [generator] recv_generator: failed to stat &quot;/home/site/wwwroot/src\services\SchedulerService.js&quot;: Invalid argument (22)
rsync: [generator] recv_generator: failed to stat &quot;/home/site/wwwroot/src\utils\dateUtils.js&quot;: Invalid argument (22)
rsync error: some files/attrs were not transferred (see previous errors) (code 23) at main.c(1338) [sender=3.2.7]
/opt/Kudu/Scripts/starter.sh /opt/Kudu/Scripts/parallel_rsync.sh /tmp/zipdeploy/extracted /home/site/wwwroot 8 /tmp/ False True  " stackTrace="   at Kudu.Core.Infrastructure.Executable.ExecuteInternal(ITracer tracer, Func`2 onWriteOutput, Func`2 onWriteError, CancellationToken token, Encoding encoding, String arguments, Object[] args) in /tmp/KuduLite/Kudu.Core/Infrastructure/Executable.cs:line 239
   at Kudu.Core.Infrastructure.Executable.ExecuteWithProgressWriter(ILogger logger, ITracer tracer, CancellationToken token, String arguments, Object[] args) in /tmp/KuduLite/Kudu.Core/Infrastructure/Executable.cs:line 118
   at Kudu.Core.Deployment.Generator.ExternalCommandBuilder.RunCommand(DeploymentContext context, String command, Boolean ignoreManifest, CancellationToken token, String message) in /tmp/KuduLite/Kudu.Core/Deployment/Generator/ExternalCommandBuilder.cs:line 122" /><!-- duration: 4ms -->
              <step title="Warning" date="2026-01-28T10:14:09.839" type="warning" text="Exception in parallel rsync: ExitCode: 123, Output: Run rsync from: /tmp/zipdeploy/extracted/ to: /home/site/wwwroot/ in 8 parallel threads
Delete options: clean=False, use manifest=True, directory to ignore=
Prev manifest = /home/site/deployments/4458b5dd-a619-4234-8314-93d9419243b7/manifest and next /home/site/deployments/e93a22fb-1bca-4bee-9084-13113b1f2be0/manifest
Cleaning up /tmp//filelist.txt and /tmp//splits
Creating a list of all files at /tmp//filelist.txt
No directory to exclude.
Created /tmp//filelist.txt. Total number of files to be synced = 11584.
Created batches from the list of files. Processing 1449 files in each thread
Running rsync for filelist /tmp//splits/split.aa from /tmp/zipdeploy/extracted/ to /home/site/wwwroot/
Running rsync for filelist /tmp//splits/split.ab from /tmp/zipdeploy/extracted/ to /home/site/wwwroot/
Running rsync for filelist /tmp//splits/split.ad from /tmp/zipdeploy/extracted/ to /home/site/wwwroot/
Running rsync for filelist /tmp//splits/split.ac from /tmp/zipdeploy/extracted/ to /home/site/wwwroot/
Running rsync for filelist /tmp//splits/split.ae from /tmp/zipdeploy/extracted/ to /home/site/wwwroot/
Running rsync for filelist /tmp//splits/split.af from /tmp/zipdeploy/extracted/ to /home/site/wwwroot/
Running rsync for filelist /tmp//splits/split.ag from /tmp/zipdeploy/extracted/ to /home/site/wwwroot/
Running rsync for filelist /tmp//splits/split.ah from /tmp/zipdeploy/extracted/ to /home/site/wwwroot/

Number of files: 1,574 (reg: 1,449, dir: 125)
Number of created files: 1,313 (reg: 1,226, dir: 87)
Number of deleted files: 0
Number of regular files transferred: 1,226
Total file size: 65.30M bytes
Total transferred file size: 8.02M bytes
Literal data: 8.02M bytes
Matched data: 0 bytes
File list size: 0
File list generation time: 1.295 seconds
File list transfer time: 0.000 seconds
Total bytes sent: 1.07M
Total bytes received: 24.32K

sent 1.07M bytes  received 24.32K bytes  5.33K bytes/sec
total size is 65.30M  speedup is 59.56
Attempt 1: Rsync for filelist /tmp//splits/split.aa completed with exit code 23

Number of files: 1,574 (reg: 1,449, dir: 125)
Number of created files: 0
Number of deleted files: 0
Number of regular files transferred: 0
Total file size: 65.30M bytes
Total transferred file size: 0 bytes
Literal data: 0 bytes
Matched data: 0 bytes
File list size: 0
File list generation time: 0.296 seconds
File list transfer time: 0.000 seconds
Total bytes sent: 47.16K
Total bytes received: 4.70K

sent 47.16K bytes  received 4.70K bytes  7.98K bytes/sec
total size is 65.30M  speedup is 1,259.24
Attempt 2: Rsync for filelist /tmp//splits/split.aa completed with exit code 23

Number of files: 1,594 (reg: 1,441, dir: 153)
Number of created files: 1,486 (reg: 1,375, dir: 111)
Number of deleted files: 0
Number of regular files transferred: 1,375
Total file size: 20.07M bytes
Total transferred file size: 7.16M bytes
Literal data: 7.16M bytes
Matched data: 0 bytes
File list size: 0
File list generation time: 1.829 seconds
File list transfer time: 0.000 seconds
Total bytes sent: 1.05M
Total bytes received: 26.75K

sent 1.05M bytes  received 26.75K bytes  4.89K bytes/sec
total size is 20.07M  speedup is 18.68
Attempt 1: Rsync for filelist /tmp//splits/split.ah completed with exit code 23

Number of files: 1,594 (reg: 1,441, dir: 153)
Number of created files: 0
Number of deleted files: 0
Number of regular files transferred: 0
Total file size: 20.07M bytes
Total transferred file size: 0 bytes
Literal data: 0 bytes
Matched data: 0 bytes
File list size: 0
File list generation time: 0.385 seconds
File list transfer time: 0.000 seconds
Total bytes sent: 44.05K
Total bytes received: 4.75K

sent 44.05K bytes  received 4.75K bytes  6.50K bytes/sec
total size is 20.07M  speedup is 411.27
Attempt 2: Rsync for filelist /tmp//splits/split.ah completed with exit code 23

Number of files: 1,596 (reg: 1,449, dir: 147)
Number of created files: 1,564 (reg: 1,449, dir: 115)
Number of deleted files: 0
Number of regular files transferred: 1,449
Total file size: 7.65M bytes
Total transferred file size: 7.65M bytes
Literal data: 7.65M bytes
Matched data: 0 bytes
File list size: 0
File list generation time: 1.763 seconds
File list transfer time: 0.000 seconds
Total bytes sent: 816.92K
Total bytes received: 27.92K

sent 816.92K bytes  received 27.92K bytes  3.65K bytes/sec
total size is 7.65M  speedup is 9.06
Attempt 1: Rsync for filelist /tmp//splits/split.ag completed with exit code 0

Number of files: 1,524 (reg: 1,449, dir: 75)
Number of created files: 1,505 (reg: 1,449, dir: 56)
Number of deleted files: 0
Number of regular files transferred: 1,449
Total file size: 3.72M bytes
Total transferred file size: 3.72M bytes
Literal data: 3.72M bytes
Matched data: 0 bytes
File list size: 0
File list generation time: 2.008 seconds
File list transfer time: 0.000 seconds
Total bytes sent: 601.85K
Total bytes received: 27.76K

sent 601.85K bytes  received 27.76K bytes  2.68K bytes/sec
total size is 3.72M  speedup is 5.92
Attempt 1: Rsync for filelist /tmp//splits/split.ac completed with exit code 0

Number of files: 1,509 (reg: 1,449, dir: 60)
Number of created files: 1,492 (reg: 1,449, dir: 43)
Number of deleted files: 0
Number of regular files transferred: 1,449
Total file size: 4.01M bytes
Total transferred file size: 4.01M bytes
Literal data: 4.01M bytes
Matched data: 0 bytes
File list size: 0
File list generation time: 1.728 seconds
File list transfer time: 0.000 seconds
Total bytes sent: 625.49K
Total bytes received: 27.71K

sent 625.49K bytes  received 27.71K bytes  2.68K bytes/sec
total size is 4.01M  speedup is 6.14
Attempt 1: Rsync for filelist /tmp//splits/split.ab completed with exit code 0

Number of files: 1,504 (reg: 1,449, dir: 55)
Number of created files: 1,494 (reg: 1,449, dir: 45)
Number of deleted files: 0
Number of regular files transferred: 1,449
Total file size: 3.69M bytes
Total transferred file size: 3.69M bytes
Literal data: 3.69M bytes
Matched data: 0 bytes
File list size: 0
File list generation time: 1.910 seconds
File list transfer time: 0.000 seconds
Total bytes sent: 650.09K
Total bytes received: 27.73K

sent 650.09K bytes  received 27.73K bytes  2.77K bytes/sec
total size is 3.69M  speedup is 5.44
Attempt 1: Rsync for filelist /tmp//splits/split.ae completed with exit code 0

Number of files: 1,536 (reg: 1,449, dir: 87)
Number of created files: 1,515 (reg: 1,449, dir: 66)
Number of deleted files: 0
Number of regular files transferred: 1,449
Total file size: 3.09M bytes
Total transferred file size: 3.09M bytes
Literal data: 3.09M bytes
Matched data: 0 bytes
File list size: 0
File list generation time: 1.929 seconds
File list transfer time: 0.000 seconds
Total bytes sent: 571.34K
Total bytes received: 27.79K

sent 571.34K bytes  received 27.79K bytes  2.44K bytes/sec
total size is 3.09M  speedup is 5.16
Attempt 1: Rsync for filelist /tmp//splits/split.af completed with exit code 0

Number of files: 1,505 (reg: 1,449, dir: 56)
Number of created files: 1,494 (reg: 1,449, dir: 45)
Number of deleted files: 0
Number of regular files transferred: 1,449
Total file size: 3.65M bytes
Total transferred file size: 3.65M bytes
Literal data: 3.65M bytes
Matched data: 0 bytes
File list size: 0
File list generation time: 1.965 seconds
File list transfer time: 0.000 seconds
Total bytes sent: 710.98K
Total bytes received: 27.73K

sent 710.98K bytes  received 27.73K bytes  3.00K bytes/sec
total size is 3.65M  speedup is 4.94
Attempt 1: Rsync for filelist /tmp//splits/split.ad completed with exit code 0
An error has occurred during web site deployment.
Rsync failed in 246 seconds, Error: rsync: [generator] recv_generator: failed to stat &quot;/home/site/wwwroot/src\index.js&quot;: Invalid argument (22)
rsync: [generator] recv_generator: failed to stat &quot;/home/site/wwwroot/src\services\NotificationService.js&quot;: Invalid argument (22)
rsync: [generator] recv_generator: failed to stat &quot;/home/site/wwwroot/src\commands\birthday-set.js&quot;: Invalid argument (22)
rsync: [generator] recv_generator: failed to stat &quot;/home/site/wwwroot/src\commands\birthday.js&quot;: Invalid argument (22)
rsync: [generator] recv_generator: failed to stat &quot;/home/site/wwwroot/src\commands\birthdays-coming.js&quot;: Invalid argument (22)
rsync: [generator] recv_generator: failed to stat &quot;/home/site/wwwroot/src\config.js&quot;: Invalid argument (22)
rsync: [generator] recv_generator: failed to stat &quot;/home/site/wwwroot/src\deploy-commands.js&quot;: Invalid argument (22)
rsync: [generator] recv_generator: failed to stat &quot;/home/site/wwwroot/src\services\BirthdayService.js&quot;: Invalid argument (22)
rsync: [generator] recv_generator: failed to stat &quot;/home/site/wwwroot/src\services\CosmosDBService.js&quot;: Invalid argument (22)
rsync: [generator] recv_generator: failed to stat &quot;/home/site/wwwroot/src\services\SchedulerService.js&quot;: Invalid argument (22)
rsync: [generator] recv_generator: failed to stat &quot;/home/site/wwwroot/src\utils\dateUtils.js&quot;: Invalid argument (22)
rsync error: some files/attrs were not transferred (see previous errors) (code 23) at main.c(1338) [sender=3.2.7]
rsync: [generator] recv_generator: failed to stat &quot;/home/site/wwwroot/src\index.js&quot;: Invalid argument (22)
rsync: [generator] recv_generator: failed to stat &quot;/home/site/wwwroot/src\services\NotificationService.js&quot;: Invalid argument (22)
rsync error: some files/attrs were not transferred (see previous errors) (code 23) at main.c(1338) [sender=3.2.7]
rsync error: some files/attrs were not transferred (see previous errors) (code 23) at main.c(1338) [sender=3.2.7]
rsync: [generator] recv_generator: failed to stat &quot;/home/site/wwwroot/src\commands\birthday-set.js&quot;: Invalid argument (22)
rsync: [generator] recv_generator: failed to stat &quot;/home/site/wwwroot/src\commands\birthday.js&quot;: Invalid argument (22)
rsync: [generator] recv_generator: failed to stat &quot;/home/site/wwwroot/src\commands\birthdays-coming.js&quot;: Invalid argument (22)
rsync: [generator] recv_generator: failed to stat &quot;/home/site/wwwroot/src\config.js&quot;: Invalid argument (22)
rsync: [generator] recv_generator: failed to stat &quot;/home/site/wwwroot/src\deploy-commands.js&quot;: Invalid argument (22)
rsync: [generator] recv_generator: failed to stat &quot;/home/site/wwwroot/src\services\BirthdayService.js&quot;: Invalid argument (22)
rsync: [generator] recv_generator: failed to stat &quot;/home/site/wwwroot/src\services\CosmosDBService.js&quot;: Invalid argument (22)
rsync: [generator] recv_generator: failed to stat &quot;/home/site/wwwroot/src\services\SchedulerService.js&quot;: Invalid argument (22)
rsync: [generator] recv_generator: failed to stat &quot;/home/site/wwwroot/src\utils\dateUtils.js&quot;: Invalid argument (22)
rsync error: some files/attrs were not transferred (see previous errors) (code 23) at main.c(1338) [sender=3.2.7], Kudu.Core.Infrastructure.CommandLineException: rsync: [generator] recv_generator: failed to stat &quot;/home/site/wwwroot/src\index.js&quot;: Invalid argument (22)
rsync: [generator] recv_generator: failed to stat &quot;/home/site/wwwroot/src\services\NotificationService.js&quot;: Invalid argument (22)
rsync: [generator] recv_generator: failed to stat &quot;/home/site/wwwroot/src\commands\birthday-set.js&quot;: Invalid argument (22)
rsync: [generator] recv_generator: failed to stat &quot;/home/site/wwwroot/src\commands\birthday.js&quot;: Invalid argument (22)
rsync: [generator] recv_generator: failed to stat &quot;/home/site/wwwroot/src\commands\birthdays-coming.js&quot;: Invalid argument (22)
rsync: [generator] recv_generator: failed to stat &quot;/home/site/wwwroot/src\config.js&quot;: Invalid argument (22)
rsync: [generator] recv_generator: failed to stat &quot;/home/site/wwwroot/src\deploy-commands.js&quot;: Invalid argument (22)
rsync: [generator] recv_generator: failed to stat &quot;/home/site/wwwroot/src\services\BirthdayService.js&quot;: Invalid argument (22)
rsync: [generator] recv_generator: failed to stat &quot;/home/site/wwwroot/src\services\CosmosDBService.js&quot;: Invalid argument (22)
rsync: [generator] recv_generator: failed to stat &quot;/home/site/wwwroot/src\services\SchedulerService.js&quot;: Invalid argument (22)
rsync: [generator] recv_generator: failed to stat &quot;/home/site/wwwroot/src\utils\dateUtils.js&quot;: Invalid argument (22)
rsync error: some files/attrs were not transferred (see previous errors) (code 23) at main.c(1338) [sender=3.2.7]
rsync: [generator] recv_generator: failed to stat &quot;/home/site/wwwroot/src\index.js&quot;: Invalid argument (22)
rsync: [generator] recv_generator: failed to stat &quot;/home/site/wwwroot/src\services\NotificationService.js&quot;: Invalid argument (22)
rsync error: some files/attrs were not transferred (see previous errors) (code 23) at main.c(1338) [sender=3.2.7]
rsync error: some files/attrs were not transferred (see previous errors) (code 23) at main.c(1338) [sender=3.2.7]
rsync: [generator] recv_generator: failed to stat &quot;/home/site/wwwroot/src\commands\birthday-set.js&quot;: Invalid argument (22)
rsync: [generator] recv_generator: failed to stat &quot;/home/site/wwwroot/src\commands\birthday.js&quot;: Invalid argument (22)
rsync: [generator] recv_generator: failed to stat &quot;/home/site/wwwroot/src\commands\birthdays-coming.js&quot;: Invalid argument (22)
rsync: [generator] recv_generator: failed to stat &quot;/home/site/wwwroot/src\config.js&quot;: Invalid argument (22)
rsync: [generator] recv_generator: failed to stat &quot;/home/site/wwwroot/src\deploy-commands.js&quot;: Invalid argument (22)
rsync: [generator] recv_generator: failed to stat &quot;/home/site/wwwroot/src\services\BirthdayService.js&quot;: Invalid argument (22)
rsync: [generator] recv_generator: failed to stat &quot;/home/site/wwwroot/src\services\CosmosDBService.js&quot;: Invalid argument (22)
rsync: [generator] recv_generator: failed to stat &quot;/home/site/wwwroot/src\services\SchedulerService.js&quot;: Invalid argument (22)
rsync: [generator] recv_generator: failed to stat &quot;/home/site/wwwroot/src\utils\dateUtils.js&quot;: Invalid argument (22)
rsync error: some files/attrs were not transferred (see previous errors) (code 23) at main.c(1338) [sender=3.2.7]
/opt/Kudu/Scripts/starter.sh /opt/Kudu/Scripts/parallel_rsync.sh /tmp/zipdeploy/extracted /home/site/wwwroot 8 /tmp/ False True  
   at Kudu.Core.Infrastructure.Executable.ExecuteInternal(ITracer tracer, Func`2 onWriteOutput, Func`2 onWriteError, CancellationToken token, Encoding encoding, String arguments, Object[] args) in /tmp/KuduLite/Kudu.Core/Infrastructure/Executable.cs:line 239
   at Kudu.Core.Infrastructure.Executable.ExecuteWithProgressWriter(ILogger logger, ITracer tracer, CancellationToken token, String arguments, Object[] args) in /tmp/KuduLite/Kudu.Core/Infrastructure/Executable.cs:line 118
   at Kudu.Core.Deployment.Generator.ExternalCommandBuilder.RunCommand(DeploymentContext context, String command, Boolean ignoreManifest, CancellationToken token, String message) in /tmp/KuduLite/Kudu.Core/Deployment/Generator/ExternalCommandBuilder.cs:line 122
   at Kudu.Core.Deployment.Generator.GeneratorSiteBuilder.Build(DeploymentContext context, CancellationToken token) in /tmp/KuduLite/Kudu.Core/Deployment/Generator/GeneratorSiteBuilder.cs:line 70" /><!-- duration: 8ms -->
              <step title="Error occurred" date="2026-01-28T10:14:09.855" type="error" text="rsync: [generator] recv_generator: failed to stat &quot;/home/site/wwwroot/src\index.js&quot;: Invalid argument (22)
rsync: [generator] recv_generator: failed to stat &quot;/home/site/wwwroot/src\services\NotificationService.js&quot;: Invalid argument (22)
rsync: [generator] recv_generator: failed to stat &quot;/home/site/wwwroot/src\commands\birthday-set.js&quot;: Invalid argument (22)
rsync: [generator] recv_generator: failed to stat &quot;/home/site/wwwroot/src\commands\birthday.js&quot;: Invalid argument (22)
rsync: [generator] recv_generator: failed to stat &quot;/home/site/wwwroot/src\commands\birthdays-coming.js&quot;: Invalid argument (22)
rsync: [generator] recv_generator: failed to stat &quot;/home/site/wwwroot/src\config.js&quot;: Invalid argument (22)
rsync: [generator] recv_generator: failed to stat &quot;/home/site/wwwroot/src\deploy-commands.js&quot;: Invalid argument (22)
rsync: [generator] recv_generator: failed to stat &quot;/home/site/wwwroot/src\services\BirthdayService.js&quot;: Invalid argument (22)
rsync: [generator] recv_generator: failed to stat &quot;/home/site/wwwroot/src\services\CosmosDBService.js&quot;: Invalid argument (22)
rsync: [generator] recv_generator: failed to stat &quot;/home/site/wwwroot/src\services\SchedulerService.js&quot;: Invalid argument (22)
rsync: [generator] recv_generator: failed to stat &quot;/home/site/wwwroot/src\utils\dateUtils.js&quot;: Invalid argument (22)
rsync error: some files/attrs were not transferred (see previous errors) (code 23) at main.c(1338) [sender=3.2.7]
rsync: [generator] recv_generator: failed to stat &quot;/home/site/wwwroot/src\index.js&quot;: Invalid argument (22)
rsync: [generator] recv_generator: failed to stat &quot;/home/site/wwwroot/src\services\NotificationService.js&quot;: Invalid argument (22)
rsync error: some files/attrs were not transferred (see previous errors) (code 23) at main.c(1338) [sender=3.2.7]
rsync error: some files/attrs were not transferred (see previous errors) (code 23) at main.c(1338) [sender=3.2.7]
rsync: [generator] recv_generator: failed to stat &quot;/home/site/wwwroot/src\commands\birthday-set.js&quot;: Invalid argument (22)
rsync: [generator] recv_generator: failed to stat &quot;/home/site/wwwroot/src\commands\birthday.js&quot;: Invalid argument (22)
rsync: [generator] recv_generator: failed to stat &quot;/home/site/wwwroot/src\commands\birthdays-coming.js&quot;: Invalid argument (22)
rsync: [generator] recv_generator: failed to stat &quot;/home/site/wwwroot/src\config.js&quot;: Invalid argument (22)
rsync: [generator] recv_generator: failed to stat &quot;/home/site/wwwroot/src\deploy-commands.js&quot;: Invalid argument (22)
rsync: [generator] recv_generator: failed to stat &quot;/home/site/wwwroot/src\services\BirthdayService.js&quot;: Invalid argument (22)
rsync: [generator] recv_generator: failed to stat &quot;/home/site/wwwroot/src\services\CosmosDBService.js&quot;: Invalid argument (22)
rsync: [generator] recv_generator: failed to stat &quot;/home/site/wwwroot/src\services\SchedulerService.js&quot;: Invalid argument (22)
rsync: [generator] recv_generator: failed to stat &quot;/home/site/wwwroot/src\utils\dateUtils.js&quot;: Invalid argument (22)
rsync error: some files/attrs were not transferred (see previous errors) (code 23) at main.c(1338) [sender=3.2.7]
/opt/Kudu/Scripts/starter.sh /opt/Kudu/Scripts/parallel_rsync.sh /tmp/zipdeploy/extracted /home/site/wwwroot 8 /tmp/ False True  " stackTrace="   at Kudu.Core.Infrastructure.Executable.ExecuteInternal(ITracer tracer, Func`2 onWriteOutput, Func`2 onWriteError, CancellationToken token, Encoding encoding, String arguments, Object[] args) in /tmp/KuduLite/Kudu.Core/Infrastructure/Executable.cs:line 239
   at Kudu.Core.Infrastructure.Executable.ExecuteWithProgressWriter(ILogger logger, ITracer tracer, CancellationToken token, String arguments, Object[] args) in /tmp/KuduLite/Kudu.Core/Infrastructure/Executable.cs:line 118
   at Kudu.Core.Deployment.Generator.ExternalCommandBuilder.RunCommand(DeploymentContext context, String command, Boolean ignoreManifest, CancellationToken token, String message) in /tmp/KuduLite/Kudu.Core/Deployment/Generator/ExternalCommandBuilder.cs:line 122
   at Kudu.Core.Deployment.Generator.GeneratorSiteBuilder.Build(DeploymentContext context, CancellationToken token) in /tmp/KuduLite/Kudu.Core/Deployment/Generator/GeneratorSiteBuilder.cs:line 70
--- End of stack trace from previous location ---
   at Kudu.Core.Deployment.DeploymentManager.Build(ChangeSet changeSet, ITracer tracer, IDisposable deployStep, IRepository repository, DeploymentInfoBase deploymentInfo, DeploymentAnalytics deploymentAnalytics, Boolean fullBuildByDefault, CancellationToken cancellationToken) in /tmp/KuduLite/Kudu.Core/Deployment/DeploymentManager.cs:line 771" /><!-- duration: 5ms -->
            </step><!-- duration: 257320ms -->
          </step><!-- duration: 257476ms -->
          <step title="Error occurred" date="2026-01-28T10:14:10.884" type="error" text="rsync: [generator] recv_generator: failed to stat &quot;/home/site/wwwroot/src\index.js&quot;: Invalid argument (22)
rsync: [generator] recv_generator: failed to stat &quot;/home/site/wwwroot/src\services\NotificationService.js&quot;: Invalid argument (22)
rsync: [generator] recv_generator: failed to stat &quot;/home/site/wwwroot/src\commands\birthday-set.js&quot;: Invalid argument (22)
rsync: [generator] recv_generator: failed to stat &quot;/home/site/wwwroot/src\commands\birthday.js&quot;: Invalid argument (22)
rsync: [generator] recv_generator: failed to stat &quot;/home/site/wwwroot/src\commands\birthdays-coming.js&quot;: Invalid argument (22)
rsync: [generator] recv_generator: failed to stat &quot;/home/site/wwwroot/src\config.js&quot;: Invalid argument (22)
rsync: [generator] recv_generator: failed to stat &quot;/home/site/wwwroot/src\deploy-commands.js&quot;: Invalid argument (22)
rsync: [generator] recv_generator: failed to stat &quot;/home/site/wwwroot/src\services\BirthdayService.js&quot;: Invalid argument (22)
rsync: [generator] recv_generator: failed to stat &quot;/home/site/wwwroot/src\services\CosmosDBService.js&quot;: Invalid argument (22)
rsync: [generator] recv_generator: failed to stat &quot;/home/site/wwwroot/src\services\SchedulerService.js&quot;: Invalid argument (22)
rsync: [generator] recv_generator: failed to stat &quot;/home/site/wwwroot/src\utils\dateUtils.js&quot;: Invalid argument (22)
rsync error: some files/attrs were not transferred (see previous errors) (code 23) at main.c(1338) [sender=3.2.7]
rsync: [generator] recv_generator: failed to stat &quot;/home/site/wwwroot/src\index.js&quot;: Invalid argument (22)
rsync: [generator] recv_generator: failed to stat &quot;/home/site/wwwroot/src\services\NotificationService.js&quot;: Invalid argument (22)
rsync error: some files/attrs were not transferred (see previous errors) (code 23) at main.c(1338) [sender=3.2.7]
rsync error: some files/attrs were not transferred (see previous errors) (code 23) at main.c(1338) [sender=3.2.7]
rsync: [generator] recv_generator: failed to stat &quot;/home/site/wwwroot/src\commands\birthday-set.js&quot;: Invalid argument (22)
rsync: [generator] recv_generator: failed to stat &quot;/home/site/wwwroot/src\commands\birthday.js&quot;: Invalid argument (22)
rsync: [generator] recv_generator: failed to stat &quot;/home/site/wwwroot/src\commands\birthdays-coming.js&quot;: Invalid argument (22)
rsync: [generator] recv_generator: failed to stat &quot;/home/site/wwwroot/src\config.js&quot;: Invalid argument (22)
rsync: [generator] recv_generator: failed to stat &quot;/home/site/wwwroot/src\deploy-commands.js&quot;: Invalid argument (22)
rsync: [generator] recv_generator: failed to stat &quot;/home/site/wwwroot/src\services\BirthdayService.js&quot;: Invalid argument (22)
rsync: [generator] recv_generator: failed to stat &quot;/home/site/wwwroot/src\services\CosmosDBService.js&quot;: Invalid argument (22)
rsync: [generator] recv_generator: failed to stat &quot;/home/site/wwwroot/src\services\SchedulerService.js&quot;: Invalid argument (22)
rsync: [generator] recv_generator: failed to stat &quot;/home/site/wwwroot/src\utils\dateUtils.js&quot;: Invalid argument (22)
rsync error: some files/attrs were not transferred (see previous errors) (code 23) at main.c(1338) [sender=3.2.7]
/opt/Kudu/Scripts/starter.sh /opt/Kudu/Scripts/parallel_rsync.sh /tmp/zipdeploy/extracted /home/site/wwwroot 8 /tmp/ False True  " stackTrace="   at Kudu.Core.Infrastructure.Executable.ExecuteInternal(ITracer tracer, Func`2 onWriteOutput, Func`2 onWriteError, CancellationToken token, Encoding encoding, String arguments, Object[] args) in /tmp/KuduLite/Kudu.Core/Infrastructure/Executable.cs:line 239
   at Kudu.Core.Infrastructure.Executable.ExecuteWithProgressWriter(ILogger logger, ITracer tracer, CancellationToken token, String arguments, Object[] args) in /tmp/KuduLite/Kudu.Core/Infrastructure/Executable.cs:line 118
   at Kudu.Core.Deployment.Generator.ExternalCommandBuilder.RunCommand(DeploymentContext context, String command, Boolean ignoreManifest, CancellationToken token, String message) in /tmp/KuduLite/Kudu.Core/Deployment/Generator/ExternalCommandBuilder.cs:line 122
   at Kudu.Core.Deployment.Generator.GeneratorSiteBuilder.Build(DeploymentContext context, CancellationToken token) in /tmp/KuduLite/Kudu.Core/Deployment/Generator/GeneratorSiteBuilder.cs:line 70
--- End of stack trace from previous location ---
   at Kudu.Core.Deployment.DeploymentManager.Build(ChangeSet changeSet, ITracer tracer, IDisposable deployStep, IRepository repository, DeploymentInfoBase deploymentInfo, DeploymentAnalytics deploymentAnalytics, Boolean fullBuildByDefault, CancellationToken cancellationToken) in /tmp/KuduLite/Kudu.Core/Deployment/DeploymentManager.cs:line 771
   at Kudu.Core.Deployment.DeploymentManager.Build(ChangeSet changeSet, ITracer tracer, IDisposable deployStep, IRepository repository, DeploymentInfoBase deploymentInfo, DeploymentAnalytics deploymentAnalytics, Boolean fullBuildByDefault, CancellationToken cancellationToken) in /tmp/KuduLite/Kudu.Core/Deployment/DeploymentManager.cs:line 840" /><!-- duration: 5ms -->
          <step title="Cleaning up temp files" date="2026-01-28T10:14:11.218" /><!-- duration: 14ms -->
          <step title="Cleaning up temp files" date="2026-01-28T10:14:11.238" /><!-- duration: 510ms -->
          <step title="Error occurred" date="2026-01-28T10:14:11.794" type="error" text="rsync: [generator] recv_generator: failed to stat &quot;/home/site/wwwroot/src\index.js&quot;: Invalid argument (22)
rsync: [generator] recv_generator: failed to stat &quot;/home/site/wwwroot/src\services\NotificationService.js&quot;: Invalid argument (22)
rsync: [generator] recv_generator: failed to stat &quot;/home/site/wwwroot/src\commands\birthday-set.js&quot;: Invalid argument (22)
rsync: [generator] recv_generator: failed to stat &quot;/home/site/wwwroot/src\commands\birthday.js&quot;: Invalid argument (22)
rsync: [generator] recv_generator: failed to stat &quot;/home/site/wwwroot/src\commands\birthdays-coming.js&quot;: Invalid argument (22)
rsync: [generator] recv_generator: failed to stat &quot;/home/site/wwwroot/src\config.js&quot;: Invalid argument (22)
rsync: [generator] recv_generator: failed to stat &quot;/home/site/wwwroot/src\deploy-commands.js&quot;: Invalid argument (22)
rsync: [generator] recv_generator: failed to stat &quot;/home/site/wwwroot/src\services\BirthdayService.js&quot;: Invalid argument (22)
rsync: [generator] recv_generator: failed to stat &quot;/home/site/wwwroot/src\services\CosmosDBService.js&quot;: Invalid argument (22)
rsync: [generator] recv_generator: failed to stat &quot;/home/site/wwwroot/src\services\SchedulerService.js&quot;: Invalid argument (22)
rsync: [generator] recv_generator: failed to stat &quot;/home/site/wwwroot/src\utils\dateUtils.js&quot;: Invalid argument (22)
rsync error: some files/attrs were not transferred (see previous errors) (code 23) at main.c(1338) [sender=3.2.7]
rsync: [generator] recv_generator: failed to stat &quot;/home/site/wwwroot/src\index.js&quot;: Invalid argument (22)
rsync: [generator] recv_generator: failed to stat &quot;/home/site/wwwroot/src\services\NotificationService.js&quot;: Invalid argument (22)
rsync error: some files/attrs were not transferred (see previous errors) (code 23) at main.c(1338) [sender=3.2.7]
rsync error: some files/attrs were not transferred (see previous errors) (code 23) at main.c(1338) [sender=3.2.7]
rsync: [generator] recv_generator: failed to stat &quot;/home/site/wwwroot/src\commands\birthday-set.js&quot;: Invalid argument (22)
rsync: [generator] recv_generator: failed to stat &quot;/home/site/wwwroot/src\commands\birthday.js&quot;: Invalid argument (22)
rsync: [generator] recv_generator: failed to stat &quot;/home/site/wwwroot/src\commands\birthdays-coming.js&quot;: Invalid argument (22)
rsync: [generator] recv_generator: failed to stat &quot;/home/site/wwwroot/src\config.js&quot;: Invalid argument (22)
rsync: [generator] recv_generator: failed to stat &quot;/home/site/wwwroot/src\deploy-commands.js&quot;: Invalid argument (22)
rsync: [generator] recv_generator: failed to stat &quot;/home/site/wwwroot/src\services\BirthdayService.js&quot;: Invalid argument (22)
rsync: [generator] recv_generator: failed to stat &quot;/home/site/wwwroot/src\services\CosmosDBService.js&quot;: Invalid argument (22)
rsync: [generator] recv_generator: failed to stat &quot;/home/site/wwwroot/src\services\SchedulerService.js&quot;: Invalid argument (22)
rsync: [generator] recv_generator: failed to stat &quot;/home/site/wwwroot/src\utils\dateUtils.js&quot;: Invalid argument (22)
rsync error: some files/attrs were not transferred (see previous errors) (code 23) at main.c(1338) [sender=3.2.7]
/opt/Kudu/Scripts/starter.sh /opt/Kudu/Scripts/parallel_rsync.sh /tmp/zipdeploy/extracted /home/site/wwwroot 8 /tmp/ False True  " stackTrace="   at Kudu.Core.Infrastructure.Executable.ExecuteInternal(ITracer tracer, Func`2 onWriteOutput, Func`2 onWriteError, CancellationToken token, Encoding encoding, String arguments, Object[] args) in /tmp/KuduLite/Kudu.Core/Infrastructure/Executable.cs:line 239
   at Kudu.Core.Infrastructure.Executable.ExecuteWithProgressWriter(ILogger logger, ITracer tracer, CancellationToken token, String arguments, Object[] args) in /tmp/KuduLite/Kudu.Core/Infrastructure/Executable.cs:line 118
   at Kudu.Core.Deployment.Generator.ExternalCommandBuilder.RunCommand(DeploymentContext context, String command, Boolean ignoreManifest, CancellationToken token, String message) in /tmp/KuduLite/Kudu.Core/Deployment/Generator/ExternalCommandBuilder.cs:line 122
   at Kudu.Core.Deployment.Generator.GeneratorSiteBuilder.Build(DeploymentContext context, CancellationToken token) in /tmp/KuduLite/Kudu.Core/Deployment/Generator/GeneratorSiteBuilder.cs:line 70
--- End of stack trace from previous location ---
   at Kudu.Core.Deployment.DeploymentManager.Build(ChangeSet changeSet, ITracer tracer, IDisposable deployStep, IRepository repository, DeploymentInfoBase deploymentInfo, DeploymentAnalytics deploymentAnalytics, Boolean fullBuildByDefault, CancellationToken cancellationToken) in /tmp/KuduLite/Kudu.Core/Deployment/DeploymentManager.cs:line 771
   at Kudu.Core.Deployment.DeploymentManager.Build(ChangeSet changeSet, ITracer tracer, IDisposable deployStep, IRepository repository, DeploymentInfoBase deploymentInfo, DeploymentAnalytics deploymentAnalytics, Boolean fullBuildByDefault, CancellationToken cancellationToken) in /tmp/KuduLite/Kudu.Core/Deployment/DeploymentManager.cs:line 840
   at Kudu.Core.Deployment.DeploymentManager.DeployAsync(IRepository repository, ChangeSet changeSet, String deployer, Boolean clean, DeploymentInfoBase deploymentInfo, Boolean needFileUpdate, Boolean fullBuildByDefault) in /tmp/KuduLite/Kudu.Core/Deployment/DeploymentManager.cs:line 266" /><!-- duration: 5ms -->
        </step><!-- duration: 258556ms -->
        <step title="Reloading status file with latest updates" date="2026-01-28T10:14:11.846" >
          <step title="WebHooksManager.PublishEventAsync: PostDeployment" date="2026-01-28T10:14:11.850" /><!-- duration: 50ms -->
        </step><!-- duration: 58ms -->
        <step title="Error occurred" date="2026-01-28T10:14:11.907" type="error" text="rsync: [generator] recv_generator: failed to stat &quot;/home/site/wwwroot/src\index.js&quot;: Invalid argument (22)
rsync: [generator] recv_generator: failed to stat &quot;/home/site/wwwroot/src\services\NotificationService.js&quot;: Invalid argument (22)
rsync: [generator] recv_generator: failed to stat &quot;/home/site/wwwroot/src\commands\birthday-set.js&quot;: Invalid argument (22)
rsync: [generator] recv_generator: failed to stat &quot;/home/site/wwwroot/src\commands\birthday.js&quot;: Invalid argument (22)
rsync: [generator] recv_generator: failed to stat &quot;/home/site/wwwroot/src\commands\birthdays-coming.js&quot;: Invalid argument (22)
rsync: [generator] recv_generator: failed to stat &quot;/home/site/wwwroot/src\config.js&quot;: Invalid argument (22)
rsync: [generator] recv_generator: failed to stat &quot;/home/site/wwwroot/src\deploy-commands.js&quot;: Invalid argument (22)
rsync: [generator] recv_generator: failed to stat &quot;/home/site/wwwroot/src\services\BirthdayService.js&quot;: Invalid argument (22)
rsync: [generator] recv_generator: failed to stat &quot;/home/site/wwwroot/src\services\CosmosDBService.js&quot;: Invalid argument (22)
rsync: [generator] recv_generator: failed to stat &quot;/home/site/wwwroot/src\services\SchedulerService.js&quot;: Invalid argument (22)
rsync: [generator] recv_generator: failed to stat &quot;/home/site/wwwroot/src\utils\dateUtils.js&quot;: Invalid argument (22)
rsync error: some files/attrs were not transferred (see previous errors) (code 23) at main.c(1338) [sender=3.2.7]
rsync: [generator] recv_generator: failed to stat &quot;/home/site/wwwroot/src\index.js&quot;: Invalid argument (22)
rsync: [generator] recv_generator: failed to stat &quot;/home/site/wwwroot/src\services\NotificationService.js&quot;: Invalid argument (22)
rsync error: some files/attrs were not transferred (see previous errors) (code 23) at main.c(1338) [sender=3.2.7]
rsync error: some files/attrs were not transferred (see previous errors) (code 23) at main.c(1338) [sender=3.2.7]
rsync: [generator] recv_generator: failed to stat &quot;/home/site/wwwroot/src\commands\birthday-set.js&quot;: Invalid argument (22)
rsync: [generator] recv_generator: failed to stat &quot;/home/site/wwwroot/src\commands\birthday.js&quot;: Invalid argument (22)
rsync: [generator] recv_generator: failed to stat &quot;/home/site/wwwroot/src\commands\birthdays-coming.js&quot;: Invalid argument (22)
rsync: [generator] recv_generator: failed to stat &quot;/home/site/wwwroot/src\config.js&quot;: Invalid argument (22)
rsync: [generator] recv_generator: failed to stat &quot;/home/site/wwwroot/src\deploy-commands.js&quot;: Invalid argument (22)
rsync: [generator] recv_generator: failed to stat &quot;/home/site/wwwroot/src\services\BirthdayService.js&quot;: Invalid argument (22)
rsync: [generator] recv_generator: failed to stat &quot;/home/site/wwwroot/src\services\CosmosDBService.js&quot;: Invalid argument (22)
rsync: [generator] recv_generator: failed to stat &quot;/home/site/wwwroot/src\services\SchedulerService.js&quot;: Invalid argument (22)
rsync: [generator] recv_generator: failed to stat &quot;/home/site/wwwroot/src\utils\dateUtils.js&quot;: Invalid argument (22)
rsync error: some files/attrs were not transferred (see previous errors) (code 23) at main.c(1338) [sender=3.2.7]
/opt/Kudu/Scripts/starter.sh /opt/Kudu/Scripts/parallel_rsync.sh /tmp/zipdeploy/extracted /home/site/wwwroot 8 /tmp/ False True  " stackTrace="   at Kudu.Core.Infrastructure.Executable.ExecuteInternal(ITracer tracer, Func`2 onWriteOutput, Func`2 onWriteError, CancellationToken token, Encoding encoding, String arguments, Object[] args) in /tmp/KuduLite/Kudu.Core/Infrastructure/Executable.cs:line 239
   at Kudu.Core.Infrastructure.Executable.ExecuteWithProgressWriter(ILogger logger, ITracer tracer, CancellationToken token, String arguments, Object[] args) in /tmp/KuduLite/Kudu.Core/Infrastructure/Executable.cs:line 118
   at Kudu.Core.Deployment.Generator.ExternalCommandBuilder.RunCommand(DeploymentContext context, String command, Boolean ignoreManifest, CancellationToken token, String message) in /tmp/KuduLite/Kudu.Core/Deployment/Generator/ExternalCommandBuilder.cs:line 122
   at Kudu.Core.Deployment.Generator.GeneratorSiteBuilder.Build(DeploymentContext context, CancellationToken token) in /tmp/KuduLite/Kudu.Core/Deployment/Generator/GeneratorSiteBuilder.cs:line 70
--- End of stack trace from previous location ---
   at Kudu.Core.Deployment.DeploymentManager.Build(ChangeSet changeSet, ITracer tracer, IDisposable deployStep, IRepository repository, DeploymentInfoBase deploymentInfo, DeploymentAnalytics deploymentAnalytics, Boolean fullBuildByDefault, CancellationToken cancellationToken) in /tmp/KuduLite/Kudu.Core/Deployment/DeploymentManager.cs:line 771
   at Kudu.Core.Deployment.DeploymentManager.Build(ChangeSet changeSet, ITracer tracer, IDisposable deployStep, IRepository repository, DeploymentInfoBase deploymentInfo, DeploymentAnalytics deploymentAnalytics, Boolean fullBuildByDefault, CancellationToken cancellationToken) in /tmp/KuduLite/Kudu.Core/Deployment/DeploymentManager.cs:line 840
   at Kudu.Core.Deployment.DeploymentManager.DeployAsync(IRepository repository, ChangeSet changeSet, String deployer, Boolean clean, DeploymentInfoBase deploymentInfo, Boolean needFileUpdate, Boolean fullBuildByDefault) in /tmp/KuduLite/Kudu.Core/Deployment/DeploymentManager.cs:line 266" /><!-- duration: 5ms -->
        <step title="Marking deployment as failed and cleaning up the temp deployment" date="2026-01-28T10:14:11.964" /><!-- duration: 16ms -->
      </step><!-- duration: 260605ms -->
      <step title="Error occurred" date="2026-01-28T10:14:12.185" type="error" text="One or more errors occurred. (Deployment failed)" stackTrace="   at System.Threading.Tasks.Task.ThrowIfExceptional(Boolean includeTaskCanceledExceptions)
   at System.Threading.Tasks.Task.Wait(Int32 millisecondsTimeout, CancellationToken cancellationToken)
   at System.Threading.Tasks.Task.Wait()
   at Kudu.Core.Deployment.FetchDeploymentManager.&lt;&gt;c__DisplayClass22_1.&lt;PerformBackgroundDeployment&gt;b__3() in /tmp/KuduLite/Kudu.Core/Deployment/FetchDeploymentManager.cs:line 414
   at Kudu.Contracts.Infrastructure.LockExtensions.TryLockOperation(IOperationLock lockObj, Action operation, String operationName, TimeSpan timeout) in /tmp/KuduLite/Kudu.Contracts/Infrastructure/LockExtensions.cs:line 34
   at Kudu.Contracts.Infrastructure.LockExtensions.LockOperation(IOperationLock lockObj, Action operation, String operationName, TimeSpan timeout) in /tmp/KuduLite/Kudu.Contracts/Infrastructure/LockExtensions.cs:line 46
   at Kudu.Core.Deployment.FetchDeploymentManager.&lt;&gt;c__DisplayClass22_0.&lt;PerformBackgroundDeployment&gt;b__1() in /tmp/KuduLite/Kudu.Core/Deployment/FetchDeploymentManager.cs:line 393" innerText="Deployment failed" innerStackTrace="   at Kudu.Core.Deployment.DeploymentManager.DeployAsync(IRepository repository, ChangeSet changeSet, String deployer, Boolean clean, DeploymentInfoBase deploymentInfo, Boolean needFileUpdate, Boolean fullBuildByDefault) in /tmp/KuduLite/Kudu.Core/Deployment/DeploymentManager.cs:line 307
   at Kudu.Core.Deployment.FetchDeploymentManager.PerformDeployment(DeploymentInfoBase deploymentInfo, IDisposable tempDeployment, ChangeSet tempChangeSet, DeployStatusApiResult updateStatusObj) in /tmp/KuduLite/Kudu.Core/Deployment/FetchDeploymentManager.cs:line 230" /><!-- duration: 9ms -->
    </step><!-- duration: 260645ms -->
