<step title="Incoming Request" date="2026-01-28T11:45:56.933" instance="7b31da" url="/api/deployments/latest" method="GET" type="request" pid="768,1,15" Accept="*/*" Host="birthday-bot-c5a0fydvcmebeqag.scm.canadacentral-01.azurewebsites.net" User-Agent="AZURECLI/2.82.0 (MSI)" Accept-Encoding="gzip, deflate" Authorization="Bea..." x-ms-client-request-id="e26aa56d-fc3e-11f0-867c-5cb47ebf6c0f" X-ARR-LOG-ID="e26aa56d-fc3e-11f0-867c-5cb47ebf6c0f" CLIENT-IP="77.239.162.229:54720" X-SITE-DEPLOYMENT-ID="Birthday-Bot" WAS-DEFAULT-HOSTNAME="birthday-bot-c5a0fydvcmebeqag.scm.canadacentral-01.azurewebsites.net" X-Forwarded-Proto="https" X-AppService-Proto="https" X-Forwarded-TlsVersion="1.3" X-WAWS-Unencoded-URL="/api/deployments/latest" X-Client-IP="77.239.162.229" X-Client-Port="54720" >
  <step title="Cleanup Xml Logs" date="2026-01-28T11:45:56.938" >
    <step title="Cleanup Infos" date="2026-01-28T11:45:56.971" totalFiles="478" totalCleanup="318" /><!-- duration: 24ms -->
  </step><!-- duration: 67ms -->
  <step title="DeploymentService.GetResult" date="2026-01-28T11:45:57.089" >
    <step title="DeploymentService.GetLatestDeployment" date="2026-01-28T11:45:57.111" >
      <step title="DeploymentManager.GetResults" date="2026-01-28T11:45:57.115" /><!-- duration: 1721ms -->
    </step><!-- duration: 1733ms -->
  </step><!-- duration: 1758ms -->
  <step title="Outgoing response" date="2026-01-28T11:45:58.871" type="response" statusCode="202" statusText="Accepted" /><!-- duration: 4ms -->
</step><!-- duration: 1946ms -->
