<step title="BackgroundTrace" date="2026-01-28T10:20:23.561" instance="7b31da" url="/api/zipdeploy" method="POST" >
  <step title="Creating temporary deployment - FetchDeploymentManager" date="2026-01-28T10:20:23.625" /><!-- duration: 7ms -->
  <step title="Creating temporary deployment" date="2026-01-28T10:20:23.637" /><!-- duration: 62ms -->
  <step title="Performing fetch based deployment" date="2026-01-28T10:20:23.736" >
    <step title="Cleaning up temp folders from previous zip deployments and extracting pushed zip file /tmp/zipdeploy/dddbd5e8-aed9-4ed0-b2cf-bc9f94eecbb4.zip (19.61 MB) to /tmp/zipdeploy/extracted" date="2026-01-28T10:20:24.919" >
      <step title="ChmodRecursive Process exited with total time taken in ms: 536" date="2026-01-28T10:20:38.538" /><!-- duration: 4ms -->
    </step><!-- duration: 13628ms -->
    <step title="Deployment timer started" date="2026-01-28T10:20:40.556" >
      <step title="DeploymentManager.Deploy(id:2d8ba835-022d-44e7-901b-51d73e25da2a)" date="2026-01-28T10:20:40.561" >
        <step title="Collecting changeset information" date="2026-01-28T10:20:40.598" /><!-- duration: 436ms -->
        <step title="Updating submodules" date="2026-01-28T10:20:41.050" /><!-- duration: 1373ms -->
        <step title="Determining deployment builder" date="2026-01-28T10:20:42.869" >
          <step title="Builder is BasicBuilder" date="2026-01-28T10:20:42.958" /><!-- duration: 8ms -->
        </step><!-- duration: 124ms -->
        <step title="PreDeployment: context.CleanOutputPath False" date="2026-01-28T10:20:43.405" >
          <step title="PreDeployment: context.OutputPath /home/site/wwwroot" date="2026-01-28T10:20:43.549" >
            <step title="Building" date="2026-01-28T10:20:43.752" >
              <step title="Executing external process" date="2026-01-28T10:20:44.408" type="process" path="starter.sh" arguments="/opt/Kudu/Scripts/absoluteTar.sh /tmp/zipdeploy/extracted/node_modules /tmp/zipdeploy/extracted/node_modules.tar.gz" /><!-- duration: 8745ms -->
              <step title="Executing external process" date="2026-01-28T10:20:53.290" type="process" path="starter.sh" arguments="/opt/Kudu/Scripts/parallel_rsync.sh /tmp/zipdeploy/extracted /home/site/wwwroot 8 /tmp/ False True node_modules " >
                <step title="Process dump" date="2026-01-28T10:21:01.092" exitCode="123" type="processOutput" /><!-- duration: 6ms -->
              </step><!-- duration: 7820ms -->
              <step title="Error occurred" date="2026-01-28T10:21:01.127" type="error" text="rsync: [generator] recv_generator: failed to stat &quot;/home/site/wwwroot/src\commands\birthday-set.js&quot;: Invalid argument (22)
rsync: [generator] recv_generator: failed to stat &quot;/home/site/wwwroot/src\commands\birthday.js&quot;: Invalid argument (22)
rsync: [generator] recv_generator: failed to stat &quot;/home/site/wwwroot/src\deploy-commands.js&quot;: Invalid argument (22)
rsync: [generator] recv_generator: failed to stat &quot;/home/site/wwwroot/src\services\CosmosDBService.js&quot;: Invalid argument (22)
rsync: [generator] recv_generator: failed to stat &quot;/home/site/wwwroot/src\commands\birthdays-coming.js&quot;: Invalid argument (22)
rsync: [generator] recv_generator: failed to stat &quot;/home/site/wwwroot/src\config.js&quot;: Invalid argument (22)
rsync: [generator] recv_generator: failed to stat &quot;/home/site/wwwroot/src\services\BirthdayService.js&quot;: Invalid argument (22)
rsync: [generator] recv_generator: failed to stat &quot;/home/site/wwwroot/src\services\SchedulerService.js&quot;: Invalid argument (22)
rsync: [generator] recv_generator: failed to stat &quot;/home/site/wwwroot/src\utils\dateUtils.js&quot;: Invalid argument (22)
rsync: [generator] recv_generator: failed to stat &quot;/home/site/wwwroot/src\services\NotificationService.js&quot;: Invalid argument (22)
rsync: [generator] recv_generator: failed to stat &quot;/home/site/wwwroot/src\index.js&quot;: Invalid argument (22)
rsync error: some files/attrs were not transferred (see previous errors) (code 23) at main.c(1338) [sender=3.2.7]
rsync error: some files/attrs were not transferred (see previous errors) (code 23) at main.c(1338) [sender=3.2.7]
rsync: [generator] recv_generator: failed to stat &quot;/home/site/wwwroot/src\commands\birthdays-coming.js&quot;: Invalid argument (22)
rsync: [generator] recv_generator: failed to stat &quot;/home/site/wwwroot/src\config.js&quot;: Invalid argument (22)
rsync: [generator] recv_generator: failed to stat &quot;/home/site/wwwroot/src\services\BirthdayService.js&quot;: Invalid argument (22)
rsync: [generator] recv_generator: failed to stat &quot;/home/site/wwwroot/src\services\SchedulerService.js&quot;: Invalid argument (22)
rsync: [generator] recv_generator: failed to stat &quot;/home/site/wwwroot/src\utils\dateUtils.js&quot;: Invalid argument (22)
rsync: [generator] recv_generator: failed to stat &quot;/home/site/wwwroot/src\commands\birthday-set.js&quot;: Invalid argument (22)
rsync: [generator] recv_generator: failed to stat &quot;/home/site/wwwroot/src\commands\birthday.js&quot;: Invalid argument (22)
rsync: [generator] recv_generator: failed to stat &quot;/home/site/wwwroot/src\deploy-commands.js&quot;: Invalid argument (22)
rsync: [generator] recv_generator: failed to stat &quot;/home/site/wwwroot/src\services\CosmosDBService.js&quot;: Invalid argument (22)
rsync error: some files/attrs were not transferred (see previous errors) (code 23) at main.c(1338) [sender=3.2.7]
rsync error: some files/attrs were not transferred (see previous errors) (code 23) at main.c(1338) [sender=3.2.7]
rsync error: some files/attrs were not transferred (see previous errors) (code 23) at main.c(1338) [sender=3.2.7]
rsync: [generator] recv_generator: failed to stat &quot;/home/site/wwwroot/src\services\NotificationService.js&quot;: Invalid argument (22)
rsync error: some files/attrs were not transferred (see previous errors) (code 23) at main.c(1338) [sender=3.2.7]
rsync error: some files/attrs were not transferred (see previous errors) (code 23) at main.c(1338) [sender=3.2.7]
rsync: [generator] recv_generator: failed to stat &quot;/home/site/wwwroot/src\index.js&quot;: Invalid argument (22)
rsync error: some files/attrs were not transferred (see previous errors) (code 23) at main.c(1338) [sender=3.2.7]
/opt/Kudu/Scripts/starter.sh /opt/Kudu/Scripts/parallel_rsync.sh /tmp/zipdeploy/extracted /home/site/wwwroot 8 /tmp/ False True node_modules " stackTrace="   at Kudu.Core.Infrastructure.Executable.ExecuteInternal(ITracer tracer, Func`2 onWriteOutput, Func`2 onWriteError, CancellationToken token, Encoding encoding, String arguments, Object[] args) in /tmp/KuduLite/Kudu.Core/Infrastructure/Executable.cs:line 239
   at Kudu.Core.Infrastructure.Executable.ExecuteWithProgressWriter(ILogger logger, ITracer tracer, CancellationToken token, String arguments, Object[] args) in /tmp/KuduLite/Kudu.Core/Infrastructure/Executable.cs:line 118
   at Kudu.Core.Deployment.Generator.ExternalCommandBuilder.RunCommand(DeploymentContext context, String command, Boolean ignoreManifest, CancellationToken token, String message) in /tmp/KuduLite/Kudu.Core/Deployment/Generator/ExternalCommandBuilder.cs:line 122" /><!-- duration: 7ms -->
              <step title="Executing external process" date="2026-01-28T10:21:01.302" type="process" path="starter.sh" arguments="/opt/Kudu/Scripts/parallel_rsync.sh /tmp/zipdeploy/extracted /home/site/wwwroot 8 /tmp/ False True  " 