<step title="BackgroundTrace" date="2026-01-28T10:00:34.278" instance="7b31da" url="/api/publish" method="POST" >
  <step title="Creating temporary deployment - FetchDeploymentManager" date="2026-01-28T10:00:34.324" /><!-- duration: 3ms -->
  <step title="Creating temporary deployment" date="2026-01-28T10:00:34.331" /><!-- duration: 64ms -->
  <step title="Performing fetch based deployment" date="2026-01-28T10:00:34.441" >
    <step title="Cleaning up temp folders from previous zip deployments and extracting pushed zip file /tmp/zipdeploy/27fd81fe-9904-4cd1-8c52-072ee86ecff4.zip (19.28 MB) to /tmp/zipdeploy/extracted" date="2026-01-28T10:00:35.600" >
      <step title="ChmodRecursive Process exited with total time taken in ms: 186" date="2026-01-28T10:00:52.498" /><!-- duration: 7ms -->
    </step><!-- duration: 16917ms -->
    <step title="Deployment timer started" date="2026-01-28T10:00:54.527" >
      <step title="DeploymentManager.Deploy(id:f0cddbb9-4c12-4283-bb93-1605dac620e6)" date="2026-01-28T10:00:54.532" >
        <step title="Collecting changeset information" date="2026-01-28T10:00:54.548" /><!-- duration: 98ms -->
        <step title="Updating submodules" date="2026-01-28T10:00:54.655" /><!-- duration: 1120ms -->
        <step title="Determining deployment builder" date="2026-01-28T10:00:56.020" >
          <step title="Builder is OneDeployBuilder" date="2026-01-28T10:00:56.034" /><!-- duration: 4ms -->
        </step><!-- duration: 22ms -->
        <step title="PreDeployment: context.CleanOutputPath False" date="2026-01-28T10:00:56.094" >
          <step title="PreDeployment: context.OutputPath /home/site/wwwroot" date="2026-01-28T10:00:56.214" >
            <step title="Building" date="2026-01-28T10:00:56.352" >
              <step title="Executing external process" date="2026-01-28T10:00:57.157" type="process" path="starter.sh" arguments="/opt/Kudu/Scripts/absoluteTar.sh /tmp/zipdeploy/extracted/node_modules /tmp/zipdeploy/extracted/node_modules.tar.gz" /><!-- duration: 1688ms -->
              <step title="Executing external process" date="2026-01-28T10:01:00.227" type="process" path="starter.sh" arguments="/opt/Kudu/Scripts/parallel_rsync.sh /tmp/zipdeploy/extracted /home/site/wwwroot 8 /tmp/ False False node_modules " /><!-- duration: 5724ms -->
              <step title="Modified file to trigger a restart of the app container." date="2026-01-28T10:01:06.756" /><!-- duration: 4ms -->
              <step title="Skip function trigger and logicapp sync because function is not enabled." date="2026-01-28T10:01:06.767" /><!-- duration: 10ms -->
            </step><!-- duration: 11383ms -->
          </step><!-- duration: 11536ms -->
          <step title="Cleaning up temp files" date="2026-01-28T10:01:07.754" /><!-- duration: 4ms -->
          <step title="Cleaning up temp files" date="2026-01-28T10:01:07.763" /><!-- duration: 512ms -->
          <step title="Reloading status file with latest updates" date="2026-01-28T10:01:08.300" >
            <step title="WebHooksManager.PublishEventAsync: PostDeployment" date="2026-01-28T10:01:08.304" /><!-- duration: 25ms -->
          </step><!-- duration: 33ms -->
          <step title="Cleaning up temporary deployment - fetch deployment was successful" date="2026-01-28T10:01:08.339" /><!-- duration: 8ms -->
        </step><!-- duration: 12325ms -->
      </step><!-- duration: 13905ms -->
