<step title="Incoming Request" date="2026-01-27T20:25:24.936" instance="cffa27" url="/api/publish?async=true&amp;deployer=GITHUB_ONE_DEPLOY&amp;type=zip&amp;message=%7B%22type%22%3A%22deployment%22%2C%22sha%22%3A%22024df2ed8fee44714721c81898a5472df99475be%22%2C%22repoName%22%3A%22Akz0rt%2FBirthday-Bot%22%2C%22actor%22%3A%22Akz0rt%22%2C%22slotName%22%3A%22Production%22%2C%22commitMessage%22%3A%22Add%20or%20update%20the%20Azure%20App%20Service%20build%20and%20deployment%20workflow%20config%22%7D" method="POST" type="request" pid="852,1,7" Host="birthday-bot-c5a0fydvcmebeqag.scm.canadacentral-01.azurewebsites.net" User-Agent="GITHUBACTIONS_DeployWebAppToAzure_5a5765d1263f789009156e781ab8d44f4dd127fa521ea480dcd42c522fe8fe3a" Authorization="Bea..." Content-Type="application/octet-stream" Cookie="ARRAffinity=cffa275333a302a4e96ca9dbb7bc4f4c4b650a3bd97ff27fc3abdafdda74e222;Path=/;HttpOnly;Secure;Domain=birthday-bot-c5a0fydvcmebeqag.scm.canadacentral-01.azurewebsites.net; ARRAffinitySameSite=cffa275333a302a4e96ca9dbb7bc4f4c4b650a3bd97ff27fc3abdafdda74e222;Path=/;HttpOnly;SameSite=None;Secure;Domain=birthday-bot-c5a0fydvcmebeqag.scm.canadacentral-01.azurewebsites.net" Transfer-Encoding="chunked" X-ARR-LOG-ID="d249b4b9-3d12-4323-9777-540191826685" CLIENT-IP="172.182.212.4:40961" X-SITE-DEPLOYMENT-ID="Birthday-Bot" WAS-DEFAULT-HOSTNAME="birthday-bot-c5a0fydvcmebeqag.scm.canadacentral-01.azurewebsites.net" X-Forwarded-Proto="https" X-AppService-Proto="https" X-Forwarded-TlsVersion="1.3" X-WAWS-Unencoded-URL="/api/publish?async=true&amp;deployer=GITHUB_ONE_DEPLOY&amp;type=zip&amp;message=%7B%22type%22%3A%22deployment%22%2C%22sha%22%3A%22024df2ed8fee44714721c81898a5472df99475be%22%2C%22repoName%22%3A%22Akz0rt%2FBirthday-Bot%22%2C%22actor%22%3A%22Akz0rt%22%2C%22slotName%22%3A%22Production%22%2C%22commitMessage%22%3A%22Add%20or%20update%20the%20Azure%20App%20Service%20build%20and%20deployment%20workflow%20config%22%7D" X-Client-IP="172.182.212.4" X-Client-Port="40961" >
  <step title="Cleanup Xml Logs" date="2026-01-27T20:25:24.972" /><!-- duration: 19ms -->
  <step title="OneDeploy" date="2026-01-27T20:25:25.042" >
    <step title="None repository commit" date="2026-01-27T20:25:25.068" >
      <step title="Commit id: 259c5622-92ad-4f94-868b-b0efde0a3f9a" date="2026-01-27T20:25:25.076" Message="N/A" AuthorName="N/A" AuthorEmail="N/A" /><!-- duration: 7ms -->
    </step><!-- duration: 29ms -->
    <step title="Starting PushDeployAsync" date="2026-01-27T20:25:25.103" /><!-- duration: 6ms -->
    <step title="Writing artifact to /tmp/zipdeploy/268e1791-a23f-45a2-aeb3-e01a86ccc76a.zip" date="2026-01-27T20:25:25.131" >
      <step title="Writing multipart request body to /tmp/zipdeploy/268e1791-a23f-45a2-aeb3-e01a86ccc76a.zip" date="2026-01-27T20:25:25.138" /><!-- duration: 7ms -->
    </step><!-- duration: 400ms -->
    <step title="Start deployment in the background" date="2026-01-27T20:25:25.551" >
      <step title="Acquiring Deployment Lock" date="2026-01-27T20:25:25.582" /><!-- duration: 6ms -->
      <step title="Acquired Deployment Lock" date="2026-01-27T20:25:25.637" /><!-- duration: 6ms -->
    </step><!-- duration: 204ms -->
  </step><!-- duration: 720ms -->
  <step title="Outgoing response" date="2026-01-27T20:25:25.771" type="response" statusCode="202" statusText="Accepted" /><!-- duration: 5ms -->
</step><!-- duration: 845ms -->
