<step title="BackgroundTrace" date="2026-01-28T11:40:37.763" instance="7b31da" url="/api/publish" method="POST" >
  <step title="Creating temporary deployment - FetchDeploymentManager" date="2026-01-28T11:40:37.818" /><!-- duration: 3ms -->
  <step title="Creating temporary deployment" date="2026-01-28T11:40:37.825" /><!-- duration: 46ms -->
  <step title="Performing fetch based deployment" date="2026-01-28T11:40:37.900" >
    <step title="Deployment timer started" date="2026-01-28T11:40:41.132" >
      <step title="DeploymentManager.Deploy(id:b76fa801-8732-4fb0-968f-2a822a684885)" date="2026-01-28T11:40:41.149" >
        <step title="Collecting changeset information" date="2026-01-28T11:40:41.184" /><!-- duration: 96ms -->
        <step title="Updating submodules" date="2026-01-28T11:40:41.290" /><!-- duration: 1155ms -->
        <step title="Determining deployment builder" date="2026-01-28T11:40:42.734" >
          <step title="Builder is RunFromZipSiteBuilder" date="2026-01-28T11:40:42.747" /><!-- duration: 4ms -->
        </step><!-- duration: 21ms -->
        <step title="PreDeployment: context.CleanOutputPath False" date="2026-01-28T11:40:42.808" >
          <step title="PreDeployment: context.OutputPath /home/site/wwwroot" date="2026-01-28T11:40:42.950" >
            <step title="Building" date="2026-01-28T11:40:43.093" >
              <step title="Modified file to trigger a restart of the app container." date="2026-01-28T11:40:43.597" /><!-- duration: 8ms -->
              <step title="Skip function trigger and logicapp sync because function is not enabled." date="2026-01-28T11:40:43.609" /><!-- duration: 3ms -->
              <step title="Purge deployment items" date="2026-01-28T11:40:44.919" >
                <step title="Remove 4b777b60-, Success, received at 01/28/2026 10:21:14" date="2026-01-28T11:40:44.977" /><!-- duration: 4ms -->
              </step><!-- duration: 66ms -->
            </step><!-- duration: 2782ms -->
          </step><!-- duration: 2932ms -->
          <step title="Cleaning up temp files" date="2026-01-28T11:40:45.891" /><!-- duration: 4ms -->
          <step title="Cleaning up temp files" date="2026-01-28T11:40:45.900" /><!-- duration: 504ms -->
          <step title="Reloading status file with latest updates" date="2026-01-28T11:40:46.447" >
            <step title="WebHooksManager.PublishEventAsync: PostDeployment" date="2026-01-28T11:40:46.450" /><!-- duration: 21ms -->
          </step><!-- duration: 29ms -->
          <step title="Cleaning up temporary deployment - fetch deployment was successful" date="2026-01-28T11:40:46.481" /><!-- duration: 4ms -->
        </step><!-- duration: 3759ms -->
      </step><!-- duration: 5433ms -->
