<step title="BackgroundTrace" date="2026-01-28T11:20:41.635" instance="7b31da" url="/api/zipdeploy" method="POST" >
  <step title="Creating temporary deployment - FetchDeploymentManager" date="2026-01-28T11:20:41.695" /><!-- duration: 2ms -->
  <step title="Creating temporary deployment" date="2026-01-28T11:20:41.701" /><!-- duration: 67ms -->
  <step title="Performing fetch based deployment" date="2026-01-28T11:20:41.830" >
    <step title="Cleaning up temp folders from previous zip deployments and extracting pushed zip file /tmp/zipdeploy/5fa71e2c-4e3f-4b3f-bd42-f257216c2e66.zip (0.04 MB) to /tmp/zipdeploy/extracted" date="2026-01-28T11:20:43.042" >
      <step title="ChmodRecursive Process exited with total time taken in ms: 48" date="2026-01-28T11:20:43.122" /><!-- duration: 3ms -->
    </step><!-- duration: 95ms -->
    <step title="Deployment timer started" date="2026-01-28T11:20:45.146" >
      <step title="DeploymentManager.Deploy(id:71912ce2-91ca-4b26-b118-204522dc6853)" date="2026-01-28T11:20:45.153" >
        <step title="Collecting changeset information" date="2026-01-28T11:20:45.259" /><!-- duration: 74ms -->
        <step title="Updating submodules" date="2026-01-28T11:20:45.342" /><!-- duration: 1165ms -->
        <step title="Determining deployment builder" date="2026-01-28T11:20:46.991" >
          <step title="Builder is OryxBuilder" date="2026-01-28T11:20:47.000" /><!-- duration: 3ms -->
        </step><!-- duration: 16ms -->
        <step title="PreDeployment: context.CleanOutputPath False" date="2026-01-28T11:20:47.053" >
          <step title="PreDeployment: context.OutputPath /home/site/wwwroot" date="2026-01-28T11:20:47.187" >
            <step title="Building" date="2026-01-28T11:20:47.331" >
              <step title="Executing external process" date="2026-01-28T11:20:47.636" type="process" path="bash" arguments="-c &quot;oryx build /tmp/zipdeploy/extracted -o /home/site/wwwroot --platform nodejs --platform-version 18 -p virtualenv_name= --log-file /tmp/build-debug.log  -i /tmp/8de5e5f48d67025 -p compress_node_modules=tar-gz | tee /tmp/oryx-build.log ; exit $PIPESTATUS &quot;" 