<step title="Incoming Request" date="2026-01-28T11:40:29.842" instance="7b31da" url="/api/publish?async=true&amp;deployer=GITHUB_ONE_DEPLOY&amp;type=zip&amp;message=%7B%22type%22%3A%22deployment%22%2C%22sha%22%3A%22b00da6baa40595b5710a31794e4423597a7763b6%22%2C%22repoName%22%3A%22Akz0rt%2FBirthday-Bot%22%2C%22actor%22%3A%22Akz0rt%22%2C%22slotName%22%3A%22Production%22%2C%22commitMessage%22%3A%22security%3A%20remove%20publish%20profile%20from%20git%22%7D" method="POST" type="request" pid="771,1,36" Host="birthday-bot-c5a0fydvcmebeqag.scm.canadacentral-01.azurewebsites.net" User-Agent="GITHUBACTIONS_DeployWebAppToAzure_5a5765d1263f789009156e781ab8d44f4dd127fa521ea480dcd42c522fe8fe3a" Authorization="Bea..." Content-Type="application/octet-stream" Cookie="ARRAffinity=7b31da36165afb05d3d4a295c8014b8dbe46951629e150ee1e4042d96c4b6df6;Path=/;HttpOnly;Secure;Domain=birthday-bot-c5a0fydvcmebeqag.scm.canadacentral-01.azurewebsites.net; ARRAffinitySameSite=7b31da36165afb05d3d4a295c8014b8dbe46951629e150ee1e4042d96c4b6df6;Path=/;HttpOnly;SameSite=None;Secure;Domain=birthday-bot-c5a0fydvcmebeqag.scm.canadacentral-01.azurewebsites.net" Transfer-Encoding="chunked" X-ARR-LOG-ID="8f87ec77-e7c0-4b3d-97b3-304ba37c5672" CLIENT-IP="13.83.217.50:23553" X-SITE-DEPLOYMENT-ID="Birthday-Bot" WAS-DEFAULT-HOSTNAME="birthday-bot-c5a0fydvcmebeqag.scm.canadacentral-01.azurewebsites.net" X-Forwarded-Proto="https" X-AppService-Proto="https" X-Forwarded-TlsVersion="1.3" X-WAWS-Unencoded-URL="/api/publish?async=true&amp;deployer=GITHUB_ONE_DEPLOY&amp;type=zip&amp;message=%7B%22type%22%3A%22deployment%22%2C%22sha%22%3A%22b00da6baa40595b5710a31794e4423597a7763b6%22%2C%22repoName%22%3A%22Akz0rt%2FBirthday-Bot%22%2C%22actor%22%3A%22Akz0rt%22%2C%22slotName%22%3A%22Production%22%2C%22commitMessage%22%3A%22security%3A%20remove%20publish%20profile%20from%20git%22%7D" X-Client-IP="13.83.217.50" X-Client-Port="23553" >
  <step title="Cleanup Xml Logs" date="2026-01-28T11:40:29.844" >
    <step title="Cleanup Infos" date="2026-01-28T11:40:29.857" totalFiles="466" totalCleanup="306" /><!-- duration: 5ms -->
  </step><!-- duration: 22ms -->
  <step title="OneDeploy" date="2026-01-28T11:40:29.873" >
    <step title="Starting PushDeployAsync" date="2026-01-28T11:40:29.880" /><!-- duration: 3ms -->
    <step title="WEBSITE_RUN_FROM_PACKAGE is set to 1. Writing zip to SitePackagesPath" date="2026-01-28T11:40:29.887" /><!-- duration: 3ms -->
    <step title="Copying zip to SitePackages /home/data/SitePackages/20260128114029.zip from request body" date="2026-01-28T11:40:29.896" /><!-- duration: 8ms -->
    <step title="Writing multipart request body to /home/data/SitePackages/20260128114029.zip" date="2026-01-28T11:40:29.908" /><!-- duration: 3ms -->
    <step title="Deleting outdated zip file /home/data/SitePackages/20260128110254.zip" date="2026-01-28T11:40:30.530" /><!-- duration: 9ms -->
    <step title="Start deployment in the background" date="2026-01-28T11:40:30.547" >
      <step title="Acquiring Deployment Lock" date="2026-01-28T11:40:30.558" /><!-- duration: 3ms -->
      <step title="Cannot Acquire Deployment Lock already held" date="2026-01-28T11:40:30.569" /><!-- duration: 3ms -->
    </step><!-- duration: 64ms -->
    <step title="There is a deployment currently in progress. Please try again when it completes." date="2026-01-28T11:40:30.615" /><!-- duration: 3ms -->
  </step><!-- duration: 747ms -->
  <step title="Outgoing response" date="2026-01-28T11:40:30.625" type="response" statusCode="409" statusText="Conflict" /><!-- duration: 4ms -->
</step><!-- duration: 793ms -->
