<step title="BackgroundTrace" date="2026-01-28T10:53:56.993" instance="7b31da" url="/api/publish" method="POST" >
  <step title="Creating temporary deployment - FetchDeploymentManager" date="2026-01-28T10:53:57.056" /><!-- duration: 4ms -->
  <step title="Creating temporary deployment" date="2026-01-28T10:53:57.066" /><!-- duration: 83ms -->
  <step title="Performing fetch based deployment" date="2026-01-28T10:53:57.185" >
    <step title="Deployment timer started" date="2026-01-28T10:54:00.374" >
      <step title="DeploymentManager.Deploy(id:add41e98-87b7-4ac6-8826-45aee61840e6)" date="2026-01-28T10:54:00.380" >
        <step title="Collecting changeset information" date="2026-01-28T10:54:00.414" /><!-- duration: 81ms -->
        <step title="Updating submodules" date="2026-01-28T10:54:00.505" /><!-- duration: 1180ms -->
        <step title="Determining deployment builder" date="2026-01-28T10:54:01.928" >
          <step title="Builder is RunFromZipSiteBuilder" date="2026-01-28T10:54:01.939" /><!-- duration: 3ms -->
        </step><!-- duration: 17ms -->
        <step title="PreDeployment: context.CleanOutputPath False" date="2026-01-28T10:54:01.997" >
          <step title="PreDeployment: context.OutputPath /home/site/wwwroot" date="2026-01-28T10:54:02.120" >
            <step title="Building" date="2026-01-28T10:54:02.276" >
              <step title="Modified file to trigger a restart of the app container." date="2026-01-28T10:54:02.821" /><!-- duration: 14ms -->
              <step title="Skip function trigger and logicapp sync because function is not enabled." date="2026-01-28T10:54:02.840" /><!-- duration: 4ms -->
              <step title="Purge deployment items" date="2026-01-28T10:54:04.922" >
                <step title="Remove 1c9fcd54-, Success, received at 01/28/2026 09:05:47" date="2026-01-28T10:54:04.987" /><!-- duration: 7ms -->
              </step><!-- duration: 75ms -->
            </step><!-- duration: 2830ms -->
          </step><!-- duration: 2993ms -->
          <step title="Cleaning up temp files" date="2026-01-28T10:54:05.115" /><!-- duration: 4ms -->
          <step title="Cleaning up temp files" date="2026-01-28T10:54:05.129" /><!-- duration: 504ms -->
          <step title="Reloading status file with latest updates" date="2026-01-28T10:54:05.667" >
            <step title="WebHooksManager.PublishEventAsync: PostDeployment" date="2026-01-28T10:54:05.671" /><!-- duration: 28ms -->
          </step><!-- duration: 36ms -->
          <step title="Cleaning up temporary deployment - fetch deployment was successful" date="2026-01-28T10:54:05.709" /><!-- duration: 3ms -->
        </step><!-- duration: 3762ms -->
      </step><!-- duration: 5396ms -->
