<step title="Incoming Request" date="2026-01-28T11:37:53.474" instance="7b31da" url="/api/deployments/latest?deployer=OneDeploy&amp;time=2026-01-28_11-37-53Z" method="GET" type="request" pid="771,1,22" Host="birthday-bot-c5a0fydvcmebeqag.scm.canadacentral-01.azurewebsites.net" User-Agent="GITHUBACTIONS_DeployWebAppToAzure_5a5765d1263f789009156e781ab8d44f4dd127fa521ea480dcd42c522fe8fe3a" Authorization="Bea..." Content-Type="application/json; charset=utf-8" Cookie="ARRAffinity=7b31da36165afb05d3d4a295c8014b8dbe46951629e150ee1e4042d96c4b6df6;Path=/;HttpOnly;Secure;Domain=birthday-bot-c5a0fydvcmebeqag.scm.canadacentral-01.azurewebsites.net; ARRAffinitySameSite=7b31da36165afb05d3d4a295c8014b8dbe46951629e150ee1e4042d96c4b6df6;Path=/;HttpOnly;SameSite=None;Secure;Domain=birthday-bot-c5a0fydvcmebeqag.scm.canadacentral-01.azurewebsites.net" Content-Length="0" X-ARR-LOG-ID="5ea54a29-8941-44ce-a0f4-e6f17493975f" CLIENT-IP="172.182.201.169:43009" X-SITE-DEPLOYMENT-ID="Birthday-Bot" WAS-DEFAULT-HOSTNAME="birthday-bot-c5a0fydvcmebeqag.scm.canadacentral-01.azurewebsites.net" X-Forwarded-Proto="https" X-AppService-Proto="https" X-Forwarded-TlsVersion="1.3" X-WAWS-Unencoded-URL="/api/deployments/latest?deployer=OneDeploy&amp;time=2026-01-28_11-37-53Z" X-Client-IP="172.182.201.169" X-Client-Port="43009" >
  <step title="Cleanup Xml Logs" date="2026-01-28T11:37:53.477" >
    <step title="Cleanup Infos" date="2026-01-28T11:37:53.514" totalFiles="459" totalCleanup="299" /><!-- duration: 8ms -->
  </step><!-- duration: 49ms -->
  <step title="DeploymentService.GetResult" date="2026-01-28T11:37:53.534" >
    <step title="DeploymentService.GetLatestDeployment" date="2026-01-28T11:37:53.537" >
      <step title="DeploymentManager.GetResults" date="2026-01-28T11:37:53.540" /><!-- duration: 588ms -->
    </step><!-- duration: 596ms -->
  </step><!-- duration: 603ms -->
  <step title="Outgoing response" date="2026-01-28T11:37:54.141" type="response" statusCode="202" statusText="Accepted" /><!-- duration: 5ms -->
</step><!-- duration: 675ms -->
