<step title="Incoming Request" date="2026-01-28T11:40:36.986" instance="7b31da" url="/api/publish?async=true&amp;deployer=GITHUB_ONE_DEPLOY&amp;type=zip&amp;message=%7B%22type%22%3A%22deployment%22%2C%22sha%22%3A%22b00da6baa40595b5710a31794e4423597a7763b6%22%2C%22repoName%22%3A%22Akz0rt%2FBirthday-Bot%22%2C%22actor%22%3A%22Akz0rt%22%2C%22slotName%22%3A%22Production%22%2C%22commitMessage%22%3A%22security%3A%20remove%20publish%20profile%20from%20git%22%7D" method="POST" type="request" pid="771,1,25" Host="birthday-bot-c5a0fydvcmebeqag.scm.canadacentral-01.azurewebsites.net" User-Agent="GITHUBACTIONS_DeployWebAppToAzure_5a5765d1263f789009156e781ab8d44f4dd127fa521ea480dcd42c522fe8fe3a" Authorization="Bea..." Content-Type="application/octet-stream" Cookie="ARRAffinity=7b31da36165afb05d3d4a295c8014b8dbe46951629e150ee1e4042d96c4b6df6;Path=/;HttpOnly;Secure;Domain=birthday-bot-c5a0fydvcmebeqag.scm.canadacentral-01.azurewebsites.net; ARRAffinitySameSite=7b31da36165afb05d3d4a295c8014b8dbe46951629e150ee1e4042d96c4b6df6;Path=/;HttpOnly;SameSite=None;Secure;Domain=birthday-bot-c5a0fydvcmebeqag.scm.canadacentral-01.azurewebsites.net" Transfer-Encoding="chunked" X-ARR-LOG-ID="addf88c0-152d-4f5d-a068-fec4afa7bee9" CLIENT-IP="13.83.217.50:23552" X-SITE-DEPLOYMENT-ID="Birthday-Bot" WAS-DEFAULT-HOSTNAME="birthday-bot-c5a0fydvcmebeqag.scm.canadacentral-01.azurewebsites.net" X-Forwarded-Proto="https" X-AppService-Proto="https" X-Forwarded-TlsVersion="1.3" X-WAWS-Unencoded-URL="/api/publish?async=true&amp;deployer=GITHUB_ONE_DEPLOY&amp;type=zip&amp;message=%7B%22type%22%3A%22deployment%22%2C%22sha%22%3A%22b00da6baa40595b5710a31794e4423597a7763b6%22%2C%22repoName%22%3A%22Akz0rt%2FBirthday-Bot%22%2C%22actor%22%3A%22Akz0rt%22%2C%22slotName%22%3A%22Production%22%2C%22commitMessage%22%3A%22security%3A%20remove%20publish%20profile%20from%20git%22%7D" X-Client-IP="13.83.217.50" X-Client-Port="23552" >
  <step title="Cleanup Xml Logs" date="2026-01-28T11:40:36.988" >
    <step title="Cleanup Infos" date="2026-01-28T11:40:37.011" totalFiles="470" totalCleanup="310" /><!-- duration: 7ms -->
  </step><!-- duration: 33ms -->
  <step title="OneDeploy" date="2026-01-28T11:40:37.034" >
    <step title="Starting PushDeployAsync" date="2026-01-28T11:40:37.042" /><!-- duration: 4ms -->
    <step title="WEBSITE_RUN_FROM_PACKAGE is set to 1. Writing zip to SitePackagesPath" date="2026-01-28T11:40:37.051" /><!-- duration: 4ms -->
    <step title="Copying zip to SitePackages /home/data/SitePackages/20260128114037.zip from request body" date="2026-01-28T11:40:37.060" /><!-- duration: 3ms -->
    <step title="Writing multipart request body to /home/data/SitePackages/20260128114037.zip" date="2026-01-28T11:40:37.067" /><!-- duration: 3ms -->
    <step title="Deleting outdated zip file /home/data/SitePackages/20260128113735.zip" date="2026-01-28T11:40:37.747" /><!-- duration: 6ms -->
    <step title="Start deployment in the background" date="2026-01-28T11:40:37.760" >
      <step title="Acquiring Deployment Lock" date="2026-01-28T11:40:37.769" /><!-- duration: 3ms -->
      <step title="Acquired Deployment Lock" date="2026-01-28T11:40:37.811" /><!-- duration: 4ms -->
    </step><!-- duration: 113ms -->
  </step><!-- duration: 843ms -->
  <step title="Outgoing response" date="2026-01-28T11:40:37.882" type="response" statusCode="202" statusText="Accepted" /><!-- duration: 3ms -->
</step><!-- duration: 902ms -->
