<step title="Incoming Request" date="2026-01-28T10:09:29.554" instance="7b31da" url="/api/zipdeploy?isAsync=true" method="POST" type="request" pid="851,1,46" Accept="*/*" Host="birthday-bot-c5a0fydvcmebeqag.scm.canadacentral-01.azurewebsites.net" User-Agent="AZURECLI/2.82.0 (DEB)" Accept-Encoding="gzip, deflate" Authorization="Bea..." Cache-Control="no-cache" Content-Type="application/octet-stream" Content-Length="20561425" x-ms-client-request-id="6b3e2980-fc31-11f0-a095-00224831047d" x-ms-artifact-checksum="c63123387d397c9d5f65601a140b05c8ce2dbb949181dad7963019fb403e68d9" X-ARR-LOG-ID="6b3e2980-fc31-11f0-a095-00224831047d" CLIENT-IP="4.236.173.161:26496" X-SITE-DEPLOYMENT-ID="Birthday-Bot" WAS-DEFAULT-HOSTNAME="birthday-bot-c5a0fydvcmebeqag.scm.canadacentral-01.azurewebsites.net" X-Forwarded-Proto="https" X-AppService-Proto="https" X-Forwarded-TlsVersion="1.3" X-WAWS-Unencoded-URL="/api/zipdeploy?isAsync=true" X-Client-IP="4.236.173.161" X-Client-Port="26496" >
  <step title="Cleanup Xml Logs" date="2026-01-28T10:09:29.567" /><!-- duration: 11ms -->
  <step title="ZipPushDeploy" date="2026-01-28T10:09:30.179" >
    <step title="ZipDeploy. Extract zip." date="2026-01-28T10:09:30.194" /><!-- duration: 2ms -->
    <step title="Starting PushDeployAsync" date="2026-01-28T10:09:30.201" /><!-- duration: 3ms -->
    <step title="Writing artifact to /tmp/zipdeploy/47466302-5358-432f-be44-c1f726e30bfa.zip" date="2026-01-28T10:09:30.215" >
      <step title="Writing multipart request body to /tmp/zipdeploy/47466302-5358-432f-be44-c1f726e30bfa.zip" date="2026-01-28T10:09:30.218" /><!-- duration: 4ms -->
    </step><!-- duration: 151ms -->
    <step title="Removing previous build artifact&apos;s manifest file" date="2026-01-28T10:09:30.376" >
      <step title="Start deployment in the background" date="2026-01-28T10:09:30.423" >
        <step title="Acquiring Deployment Lock" date="2026-01-28T10:09:30.432" /><!-- duration: 4ms -->
        <step title="Acquired Deployment Lock" date="2026-01-28T10:09:30.468" /><!-- duration: 3ms -->
      </step><!-- duration: 130ms -->
    </step><!-- duration: 181ms -->
    <step title="Outgoing response" date="2026-01-28T10:09:30.564" type="response" statusCode="202" statusText="Accepted" /><!-- duration: 4ms -->
  </step><!-- duration: 392ms -->
