<step title="Incoming Request" date="2026-01-27T15:02:52.931" instance="2d9a4a" url="/api/zipdeploy?isAsync=true" method="POST" type="request" pid="851,1,7" Accept="*/*" Host="birthday-bot-c5a0fydvcmebeqag.scm.canadacentral-01.azurewebsites.net" User-Agent="AZURECLI/2.82.0 (MSI)" Accept-Encoding="gzip, deflate" Authorization="Bea..." Cache-Control="no-cache" Content-Type="application/octet-stream" Content-Length="13720972" x-ms-client-request-id="3a04bf3f-fb91-11f0-b411-5cb47ebf6c0f" x-ms-artifact-checksum="b2e206fade9476210dea39132b636e11e92015b9374284ac96ac12d1b5d337b2" X-ARR-LOG-ID="3a04bf3f-fb91-11f0-b411-5cb47ebf6c0f" CLIENT-IP="77.239.162.229:55055" X-SITE-DEPLOYMENT-ID="Birthday-Bot" WAS-DEFAULT-HOSTNAME="birthday-bot-c5a0fydvcmebeqag.scm.canadacentral-01.azurewebsites.net" X-Forwarded-Proto="https" X-AppService-Proto="https" X-Forwarded-TlsVersion="1.3" X-WAWS-Unencoded-URL="/api/zipdeploy?isAsync=true" X-Client-IP="77.239.162.229" X-Client-Port="55055" >
  <step title="Cleanup Xml Logs" date="2026-01-27T15:02:52.945" /><!-- duration: 39ms -->
  <step title="ZipPushDeploy" date="2026-01-27T15:02:53.127" >
    <step title="ZipDeploy. Extract zip." date="2026-01-27T15:02:53.151" /><!-- duration: 11ms -->
    <step title="None repository commit" date="2026-01-27T15:02:53.228" >
      <step title="Commit id: 5c9d5865-9b5c-42b6-898d-ecca783a93ee" date="2026-01-27T15:02:53.234" Message="N/A" AuthorName="N/A" AuthorEmail="N/A" /><!-- duration: 5ms -->
    </step><!-- duration: 22ms -->
    <step title="Starting PushDeployAsync" date="2026-01-27T15:02:53.259" /><!-- duration: 7ms -->
    <step title="Writing artifact to /tmp/zipdeploy/3ca1902f-ef6b-4fd5-8161-58ed50e40ab4.zip" date="2026-01-27T15:02:53.324" >
      <step title="Writing multipart request body to /tmp/zipdeploy/3ca1902f-ef6b-4fd5-8161-58ed50e40ab4.zip" date="2026-01-27T15:02:53.332" /><!-- duration: 6ms -->
    </step><!-- duration: 522ms -->
    <step title="Start deployment in the background" date="2026-01-27T15:02:53.879" >
      <step title="Acquiring Deployment Lock" date="2026-01-27T15:02:53.911" /><!-- duration: 6ms -->
      <step title="Acquired Deployment Lock" date="2026-01-27T15:02:54.079" /><!-- duration: 11ms -->
    </step><!-- duration: 395ms -->
  </step><!-- duration: 1170ms -->
  <step title="Outgoing response" date="2026-01-27T15:02:54.337" type="response" statusCode="202" statusText="Accepted" /><!-- duration: 7ms -->
</step><!-- duration: 1420ms -->
