﻿<?xml version="1.0" encoding="utf-8"?>
<deployment>
  <id>7787205a-ca79-41ac-879d-d15b8770bc79</id>
  <author>N/A</author>
  <deployer>Push-Deployer</deployer>
  <authorEmail>N/A</authorEmail>
  <message>Created via a push deployment</message>
  <progress></progress>
  <status>Success</status>
  <statusText></statusText>
  <lastSuccessEndTime>2026-01-28T11:40:33.4552934Z</lastSuccessEndTime>
  <receivedTime>2026-01-28T11:40:29.6464179Z</receivedTime>
  <startTime>2026-01-28T11:40:31.8345004Z</startTime>
  <endTime>2026-01-28T11:40:33.4552934Z</endTime>
  <complete>True</complete>
  <is_temp>False</is_temp>
  <is_readonly>True</is_readonly>
  <buildSummary />
</deployment>