﻿<?xml version="1.0" encoding="utf-8"?>
<deployment>
  <id>b76fa801-8732-4fb0-968f-2a822a684885</id>
  <author>N/A</author>
  <deployer>OneDeploy</deployer>
  <authorEmail>N/A</authorEmail>
  <message>OneDeploy</message>
  <progress></progress>
  <status>Success</status>
  <statusText></statusText>
  <lastSuccessEndTime>2026-01-28T11:40:44.1486246Z</lastSuccessEndTime>
  <receivedTime>2026-01-28T11:40:41.2148268Z</receivedTime>
  <startTime>2026-01-28T11:40:42.6520704Z</startTime>
  <endTime>2026-01-28T11:40:44.1486246Z</endTime>
  <complete>True</complete>
  <is_temp>False</is_temp>
  <is_readonly>True</is_readonly>
  <buildSummary />
</deployment>