﻿<?xml version="1.0" encoding="utf-8"?>
<deployment>
  <id>259c5622-92ad-4f94-868b-b0efde0a3f9a</id>
  <author>N/A</author>
  <deployer>OneDeploy</deployer>
  <authorEmail>N/A</authorEmail>
  <message>OneDeploy</message>
  <progress></progress>
  <status>Success</status>
  <statusText></statusText>
  <lastSuccessEndTime>2026-01-27T20:25:46.8955812Z</lastSuccessEndTime>
  <receivedTime>2026-01-27T20:25:38.4032958Z</receivedTime>
  <startTime>2026-01-27T20:25:39.8382177Z</startTime>
  <endTime>2026-01-27T20:25:46.8955812Z</endTime>
  <complete>True</complete>
  <is_temp>False</is_temp>
  <is_readonly>True</is_readonly>
  <buildSummary />
</deployment>