﻿<?xml version="1.0" encoding="utf-8"?>
<deployment>
  <id>1522c3cb-e814-4162-b824-83bfe4767485</id>
  <author>N/A</author>
  <deployer>Push-Deployer</deployer>
  <authorEmail>N/A</authorEmail>
  <message>Created via a push deployment</message>
  <progress></progress>
  <status>Success</status>
  <statusText></statusText>
  <lastSuccessEndTime>2026-01-28T11:45:58.2699819Z</lastSuccessEndTime>
  <receivedTime>2026-01-28T11:45:55.4730519Z</receivedTime>
  <startTime>2026-01-28T11:45:56.8665697Z</startTime>
  <endTime>2026-01-28T11:45:58.2699819Z</endTime>
  <complete>True</complete>
  <is_temp>False</is_temp>
  <is_readonly>True</is_readonly>
  <buildSummary />
</deployment>