﻿<?xml version="1.0" encoding="utf-8"?>
<deployment>
  <id>9f8b47c7-a47a-412e-826c-f18fe881b812</id>
  <author>N/A</author>
  <deployer>OneDeploy</deployer>
  <authorEmail>N/A</authorEmail>
  <message>OneDeploy</message>
  <progress></progress>
  <status>Failed</status>
  <statusText></statusText>
  <lastSuccessEndTime />
  <receivedTime>2026-01-28T09:14:56.2414726Z</receivedTime>
  <startTime>2026-01-28T09:14:57.5988293Z</startTime>
  <endTime>2026-01-28T09:15:03.6869094Z</endTime>
  <complete>True</complete>
  <is_temp>False</is_temp>
  <is_readonly>True</is_readonly>
  <buildSummary />
</deployment>