﻿<?xml version="1.0" encoding="utf-8"?>
<deployment>
  <id>1a8a4b8e-5211-4d43-bda0-f96f21e68725</id>
  <author>N/A</author>
  <deployer>Push-Deployer</deployer>
  <authorEmail>N/A</authorEmail>
  <message>Created via a push deployment</message>
  <progress></progress>
  <status>Success</status>
  <statusText></statusText>
  <lastSuccessEndTime>2026-01-28T12:03:31.1201571Z</lastSuccessEndTime>
  <receivedTime>2026-01-28T12:03:27.8252361Z</receivedTime>
  <startTime>2026-01-28T12:03:29.6789174Z</startTime>
  <endTime>2026-01-28T12:03:31.1201571Z</endTime>
  <complete>True</complete>
  <is_temp>False</is_temp>
  <is_readonly>True</is_readonly>
  <buildSummary />
</deployment>