﻿<?xml version="1.0" encoding="utf-8"?>
<deployment>
  <id>7e7a0c19-0f4e-4a92-9b9c-7d919f8b6a94</id>
  <author>N/A</author>
  <deployer>Push-Deployer</deployer>
  <authorEmail>N/A</authorEmail>
  <message>Created via a push deployment</message>
  <progress></progress>
  <status>Success</status>
  <statusText></statusText>
  <lastSuccessEndTime>2026-01-28T11:51:18.5066089Z</lastSuccessEndTime>
  <receivedTime>2026-01-28T11:51:15.4745478Z</receivedTime>
  <startTime>2026-01-28T11:51:16.8765949Z</startTime>
  <endTime>2026-01-28T11:51:18.5066089Z</endTime>
  <complete>True</complete>
  <is_temp>False</is_temp>
  <is_readonly>True</is_readonly>
  <buildSummary />
</deployment>