﻿<?xml version="1.0" encoding="utf-8"?>
<deployment>
  <id>7609555a-392b-4ac4-acf7-15d33621cf1a</id>
  <author>N/A</author>
  <deployer>OneDeploy</deployer>
  <authorEmail>N/A</authorEmail>
  <message>OneDeploy</message>
  <progress></progress>
  <status>Success</status>
  <statusText></statusText>
  <lastSuccessEndTime>2026-01-28T12:04:01.1039895Z</lastSuccessEndTime>
  <receivedTime>2026-01-28T12:03:58.1603347Z</receivedTime>
  <startTime>2026-01-28T12:03:59.5938074Z</startTime>
  <endTime>2026-01-28T12:04:01.1039895Z</endTime>
  <complete>True</complete>
  <is_temp>False</is_temp>
  <is_readonly>True</is_readonly>
  <buildSummary />
</deployment>