﻿<?xml version="1.0" encoding="utf-8"?>
<deployment>
  <id>184d8412-0fa7-4ba9-9fed-97d31aab33b0</id>
  <author>N/A</author>
  <deployer>OneDeploy</deployer>
  <authorEmail>N/A</authorEmail>
  <message>OneDeploy</message>
  <progress></progress>
  <status>Success</status>
  <statusText></statusText>
  <lastSuccessEndTime>2026-01-28T11:37:59.3389796Z</lastSuccessEndTime>
  <receivedTime>2026-01-28T11:37:56.6555462Z</receivedTime>
  <startTime>2026-01-28T11:37:57.9941565Z</startTime>
  <endTime>2026-01-28T11:37:59.3389796Z</endTime>
  <complete>True</complete>
  <is_temp>False</is_temp>
  <is_readonly>True</is_readonly>
  <buildSummary />
</deployment>