﻿<?xml version="1.0" encoding="utf-8"?>
<deployment>
  <id>5d70cce9-4dca-43d9-8b2a-b0fd38024c38</id>
  <author>N/A</author>
  <deployer>OneDeploy</deployer>
  <authorEmail>N/A</authorEmail>
  <message>OneDeploy</message>
  <progress></progress>
  <status>Success</status>
  <statusText></statusText>
  <lastSuccessEndTime>2026-01-28T11:51:29.5009211Z</lastSuccessEndTime>
  <receivedTime>2026-01-28T11:51:26.7262477Z</receivedTime>
  <startTime>2026-01-28T11:51:28.1054651Z</startTime>
  <endTime>2026-01-28T11:51:29.5009211Z</endTime>
  <complete>True</complete>
  <is_temp>False</is_temp>
  <is_readonly>True</is_readonly>
  <buildSummary />
</deployment>